video_id,video_title,views,video_likes,video_total_comments,author,text,published_at,like_count,polarity,sentiment
O9nMs48QM8k,My TOP 4 iPhones of ALL TIME 😳 #iphone #apple #iphones #tech,2288693,112266,1089,@Arizonaherping,And obviously the 17 pro max for just being the best ever,2026-03-30 00:01:17+00:00,0,0.5,positive
O9nMs48QM8k,My TOP 4 iPhones of ALL TIME 😳 #iphone #apple #iphones #tech,2288693,112266,1089,@nosouponhead,iPhone 13 Mini is the only good iPhone.,2026-03-29 19:11:40+00:00,0,0.35,positive
O9nMs48QM8k,My TOP 4 iPhones of ALL TIME 😳 #iphone #apple #iphones #tech,2288693,112266,1089,@ayesha8596,5s is lit 7 too even se,2026-03-28 19:41:17+00:00,0,0.0,neutral
O9nMs48QM8k,My TOP 4 iPhones of ALL TIME 😳 #iphone #apple #iphones #tech,2288693,112266,1089,@judahdiaries,Omg watching unboxings is so real. I was like that when I really wanted the 6s plus rose gold and finally got it,2026-03-28 17:54:53+00:00,0,0.25,positive
O9nMs48QM8k,My TOP 4 iPhones of ALL TIME 😳 #iphone #apple #iphones #tech,2288693,112266,1089,@taroknath79,8 is the first line up with glass back on iphone,2026-03-28 12:22:41+00:00,0,0.125,positive
O9nMs48QM8k,My TOP 4 iPhones of ALL TIME 😳 #iphone #apple #iphones #tech,2288693,112266,1089,@GabrielPaul268,"The forest is so premium, I see.",2026-03-27 13:55:07+00:00,0,0.0,neutral
O9nMs48QM8k,My TOP 4 iPhones of ALL TIME 😳 #iphone #apple #iphones #tech,2288693,112266,1089,@saurabhdobriyal3752,Give me one of them 😅,2026-03-26 10:15:54+00:00,0,0.0,neutral
O9nMs48QM8k,My TOP 4 iPhones of ALL TIME 😳 #iphone #apple #iphones #tech,2288693,112266,1089,@AryanKvlog-07,iPhone 16 ❤,2026-03-26 06:53:57+00:00,0,0.0,neutral
O9nMs48QM8k,My TOP 4 iPhones of ALL TIME 😳 #iphone #apple #iphones #tech,2288693,112266,1089,@adahtoni6950,The 13 is perfect for me. Although I’ll buy a 16 towards the end of the year.,2026-03-25 22:37:20+00:00,0,1.0,positive
O9nMs48QM8k,My TOP 4 iPhones of ALL TIME 😳 #iphone #apple #iphones #tech,2288693,112266,1089,@yb_dj_numark,Can I gett plz one,2026-03-25 17:55:12+00:00,0,0.0,neutral
O9nMs48QM8k,My TOP 4 iPhones of ALL TIME 😳 #iphone #apple #iphones #tech,2288693,112266,1089,@Jesus_lovesU-h2l,I do what you do with the 4s with the MacBook Neo lol,2026-03-25 01:33:44+00:00,0,0.8,positive
O9nMs48QM8k,My TOP 4 iPhones of ALL TIME 😳 #iphone #apple #iphones #tech,2288693,112266,1089,@Fieldmarshall420,"@johnnyytech lemme get one plz
to africa",2026-03-24 10:11:49+00:00,0,0.0,neutral
O9nMs48QM8k,My TOP 4 iPhones of ALL TIME 😳 #iphone #apple #iphones #tech,2288693,112266,1089,@francis994,4S was the last iPhone launched when Steve Jobs was alive,2026-03-24 02:54:07+00:00,0,0.05,positive
O9nMs48QM8k,My TOP 4 iPhones of ALL TIME 😳 #iphone #apple #iphones #tech,2288693,112266,1089,@jessicaharding9856,is the i phone 12 bad?,2026-03-23 20:25:40+00:00,0,-0.6999999999999998,negative
O9nMs48QM8k,My TOP 4 iPhones of ALL TIME 😳 #iphone #apple #iphones #tech,2288693,112266,1089,@japhetfidelistv3792,But iPhone 13 pro max has issues boss,2026-03-23 09:58:47+00:00,0,0.0,neutral
O9nMs48QM8k,My TOP 4 iPhones of ALL TIME 😳 #iphone #apple #iphones #tech,2288693,112266,1089,@Cranky_1422,I've heard people complaining about the battery life of the xr and how hot it gets sometimes,2026-03-23 04:22:51+00:00,0,0.25,positive
O9nMs48QM8k,My TOP 4 iPhones of ALL TIME 😳 #iphone #apple #iphones #tech,2288693,112266,1089,@cannyfranny,The 6 Plus was my battleship.,2026-03-23 02:18:23+00:00,0,0.0,neutral
O9nMs48QM8k,My TOP 4 iPhones of ALL TIME 😳 #iphone #apple #iphones #tech,2288693,112266,1089,@rabiatobe,whys no one talking abt iphone 14 pro max,2026-03-23 00:10:20+00:00,0,0.0,neutral
O9nMs48QM8k,My TOP 4 iPhones of ALL TIME 😳 #iphone #apple #iphones #tech,2288693,112266,1089,@MelvindancesonRobloxandothers,10r😭😭😭 it’s “Xr”,2026-03-22 23:06:37+00:00,0,0.0,neutral
O9nMs48QM8k,My TOP 4 iPhones of ALL TIME 😳 #iphone #apple #iphones #tech,2288693,112266,1089,@suguruna,i wish i had an iphone 4S or 5S. the design looks perfect to me,2026-03-22 12:10:01+00:00,2,1.0,positive
O9nMs48QM8k,My TOP 4 iPhones of ALL TIME 😳 #iphone #apple #iphones #tech,2288693,112266,1089,@rubenrivas3720,Beautiful teeth,2026-03-22 00:56:37+00:00,0,0.85,positive
O9nMs48QM8k,My TOP 4 iPhones of ALL TIME 😳 #iphone #apple #iphones #tech,2288693,112266,1089,@AhmadJimba,hi Carter 2😂😂,2026-03-21 09:52:36+00:00,0,0.0,neutral
O9nMs48QM8k,My TOP 4 iPhones of ALL TIME 😳 #iphone #apple #iphones #tech,2288693,112266,1089,@sebastienxing6214,bro cooked with this one,2026-03-21 07:41:55+00:00,0,0.0,neutral
O9nMs48QM8k,My TOP 4 iPhones of ALL TIME 😳 #iphone #apple #iphones #tech,2288693,112266,1089,@ZayyanAjaz,Iphone 13 mini my all time favourite smartphone,2026-03-21 02:33:16+00:00,0,0.0,neutral
O9nMs48QM8k,My TOP 4 iPhones of ALL TIME 😳 #iphone #apple #iphones #tech,2288693,112266,1089,@PoetesssB,Xs max still going strong ❤,2026-03-21 02:03:48+00:00,0,0.43333333333333335,positive
O9nMs48QM8k,My TOP 4 iPhones of ALL TIME 😳 #iphone #apple #iphones #tech,2288693,112266,1089,@BOB-p3c7j,Naming 4 phones and not including the iPhone 4 is a hate crime in 2025 📱😂 But honestly the 13 Pro Max with Sierra Blue was *chef's kiss* — I still miss that color. My ancient XR is held together by prayers and iOS updates at this point 😭 What's your #1 pick though?,2026-03-20 17:53:35+00:00,0,-0.0666666666666667,negative
O9nMs48QM8k,My TOP 4 iPhones of ALL TIME 😳 #iphone #apple #iphones #tech,2288693,112266,1089,@dhanasami7843,Bro not 13 mini,2026-03-19 08:42:43+00:00,0,0.0,neutral
O9nMs48QM8k,My TOP 4 iPhones of ALL TIME 😳 #iphone #apple #iphones #tech,2288693,112266,1089,@ItsJINX-t4t,My favorite iPhone will always be the iPhone 8 plus,2026-03-18 22:19:42+00:00,0,0.5,positive
O9nMs48QM8k,My TOP 4 iPhones of ALL TIME 😳 #iphone #apple #iphones #tech,2288693,112266,1089,@neckrope4042,"Switched to Samsung when the iPhone X released, their quality went down hill from there. but from the first iPhone to the 7 was goated, the iPhone 8 was concerning but the last decent iPhone.",2026-03-18 18:52:06+00:00,0,0.06527777777777777,positive
O9nMs48QM8k,My TOP 4 iPhones of ALL TIME 😳 #iphone #apple #iphones #tech,2288693,112266,1089,@Kaitlyn_Evans,I got the 13 Pro…. Max too big for me,2026-03-18 05:38:27+00:00,0,0.0,neutral
O9nMs48QM8k,My TOP 4 iPhones of ALL TIME 😳 #iphone #apple #iphones #tech,2288693,112266,1089,@md.mahfuzurrahman7167,design of 4s is the best,2026-03-16 21:04:33+00:00,0,1.0,positive
O9nMs48QM8k,My TOP 4 iPhones of ALL TIME 😳 #iphone #apple #iphones #tech,2288693,112266,1089,@tafadzwa_madkid,4S AND 11,2026-03-16 19:50:24+00:00,0,0.0,neutral
O9nMs48QM8k,My TOP 4 iPhones of ALL TIME 😳 #iphone #apple #iphones #tech,2288693,112266,1089,@yiwenpang586,Mine 1st phone is iPhone 4s too😊,2026-03-16 13:00:28+00:00,0,0.0,neutral
O9nMs48QM8k,My TOP 4 iPhones of ALL TIME 😳 #iphone #apple #iphones #tech,2288693,112266,1089,@Pheo2799,I had all of them lmao,2026-03-15 16:46:42+00:00,0,0.6,positive
O9nMs48QM8k,My TOP 4 iPhones of ALL TIME 😳 #iphone #apple #iphones #tech,2288693,112266,1089,@nothing-h9o5zj,"The number one iPhone 13 Pro is mine
I am watching this video from my iPhone 13 Pro Max same colour and graphite 😂😂",2026-03-15 13:40:51+00:00,0,0.0,neutral
O9nMs48QM8k,My TOP 4 iPhones of ALL TIME 😳 #iphone #apple #iphones #tech,2288693,112266,1089,@BenjaminJoshuaVilar-UCMAINBSHM,Agreeing while watching from my 13 pro max,2026-03-15 12:44:48+00:00,0,0.0,neutral
O9nMs48QM8k,My TOP 4 iPhones of ALL TIME 😳 #iphone #apple #iphones #tech,2288693,112266,1089,@Speed-h2b5v,the iphone 17 air and pro have a camera bump,2026-03-15 03:40:44+00:00,0,0.0,neutral
O9nMs48QM8k,My TOP 4 iPhones of ALL TIME 😳 #iphone #apple #iphones #tech,2288693,112266,1089,@789vegetarasta,13 mini till this day. I’ll never switch unless they make another one,2026-03-14 19:15:45+00:00,1,0.0,neutral
O9nMs48QM8k,My TOP 4 iPhones of ALL TIME 😳 #iphone #apple #iphones #tech,2288693,112266,1089,@Neel-Hk-m6m,If you were using this phones earlier then wtf are you doing in you tube,2026-03-14 12:35:45+00:00,0,-0.25,negative
O9nMs48QM8k,My TOP 4 iPhones of ALL TIME 😳 #iphone #apple #iphones #tech,2288693,112266,1089,@Babatron101,"My mums first iphone was a 4S aswell, she was gonna sell it because she'd had it for years. But i perusadued her to keep it so now a have a pefectly good condition 4S in its box with the rest of the accessories that came with it. The phone itself still actually worked after it was reset. The old IOS did look pretty cool, but you can really do anything on it since it is so old.",2026-03-12 22:56:20+00:00,0,0.24375,positive
O9nMs48QM8k,My TOP 4 iPhones of ALL TIME 😳 #iphone #apple #iphones #tech,2288693,112266,1089,@ZandroREAL-JZ-b3b,"That is why we must be born again Obey Acts 2:38!
The fulfillment of the great commission!
John 3:3-5
Acts 19:1-7
Acts 10:44-48",2026-03-11 15:26:39+00:00,0,1.0,positive
O9nMs48QM8k,My TOP 4 iPhones of ALL TIME 😳 #iphone #apple #iphones #tech,2288693,112266,1089,@4kdae460,"I feel like iphone 8+ is goated, should've replaced the xr in the rankings",2026-03-11 08:29:46+00:00,0,0.0,neutral
O9nMs48QM8k,My TOP 4 iPhones of ALL TIME 😳 #iphone #apple #iphones #tech,2288693,112266,1089,@perfect1570,Most trash phones ever😂,2026-03-10 04:56:56+00:00,0,0.5,positive
O9nMs48QM8k,My TOP 4 iPhones of ALL TIME 😳 #iphone #apple #iphones #tech,2288693,112266,1089,@Jake-f8i4z,I’ve got a 16😊,2026-03-09 22:51:30+00:00,0,0.0,neutral
O9nMs48QM8k,My TOP 4 iPhones of ALL TIME 😳 #iphone #apple #iphones #tech,2288693,112266,1089,@SamuelPagan-gv2du,I would’ve had the iPhone 6 Plus. And then I would’ve had the iPhone 8 Plus. For just the luck I would put the iPhone 17 air. iPhone 14 Pro,2026-03-09 22:30:35+00:00,1,0.0,neutral
O9nMs48QM8k,My TOP 4 iPhones of ALL TIME 😳 #iphone #apple #iphones #tech,2288693,112266,1089,@thistagworked,"I'd say probably the first truly modern one was the XS max. Big size, fast enough, battery somewhat sufficient. Actually I think the 13 pro lineup is basically peak, after 13 series no point in upgrading.",2026-03-09 22:22:41+00:00,0,0.10833333333333334,positive
O9nMs48QM8k,My TOP 4 iPhones of ALL TIME 😳 #iphone #apple #iphones #tech,2288693,112266,1089,@athulkrishnankr4265,13 mini ❤,2026-03-09 16:38:49+00:00,0,0.0,neutral
O9nMs48QM8k,My TOP 4 iPhones of ALL TIME 😳 #iphone #apple #iphones #tech,2288693,112266,1089,@user-mf9gs,"Here's my top 4 favorite:
#1: iPhone 7 Plus
#2: iPhone 11
#3: iPhone 5
#4: iPhone 13 mini",2026-03-08 16:51:53+00:00,0,0.5,positive
O9nMs48QM8k,My TOP 4 iPhones of ALL TIME 😳 #iphone #apple #iphones #tech,2288693,112266,1089,@Shotofgreenrrum,"Top 5
Iphone 16 pro
iPhone SE 3
IPHONE 5S champagne, colour
IPhone X 
Iphone Air",2026-03-08 06:09:01+00:00,0,0.5,positive
O9nMs48QM8k,My TOP 4 iPhones of ALL TIME 😳 #iphone #apple #iphones #tech,2288693,112266,1089,@obteron93,"Is it just me or anyone facing stuttering experience in latest model iphone with latest software?, I mean 60hz on iphone 15 not smooth as 60hz iphone 5s..",2026-03-07 22:14:05+00:00,0,0.121875,positive
O9nMs48QM8k,My TOP 4 iPhones of ALL TIME 😳 #iphone #apple #iphones #tech,2288693,112266,1089,@josiahenunwa841,13 series has screen problems,2026-03-07 21:15:25+00:00,0,0.0,neutral
O9nMs48QM8k,My TOP 4 iPhones of ALL TIME 😳 #iphone #apple #iphones #tech,2288693,112266,1089,@abigailarellano3533,The iPhone xr was my favorite!!!! I had the product red one 🥹🥹❤️❤️❤️,2026-03-07 09:57:42+00:00,0,0.5,positive
O9nMs48QM8k,My TOP 4 iPhones of ALL TIME 😳 #iphone #apple #iphones #tech,2288693,112266,1089,@cozy629,I still use xr,2026-03-07 05:13:54+00:00,0,0.0,neutral
O9nMs48QM8k,My TOP 4 iPhones of ALL TIME 😳 #iphone #apple #iphones #tech,2288693,112266,1089,@Craytos_Baraka,If isn’t 13 pro max the video is wrong,2026-03-06 21:28:22+00:00,1,-0.5,negative
O9nMs48QM8k,My TOP 4 iPhones of ALL TIME 😳 #iphone #apple #iphones #tech,2288693,112266,1089,@Wumais,5s is the most beautiful phone of all time,2026-03-06 20:14:55+00:00,0,0.675,positive
O9nMs48QM8k,My TOP 4 iPhones of ALL TIME 😳 #iphone #apple #iphones #tech,2288693,112266,1089,@DivineTim3,Till this day I am stuck on the 13 series. I loved all version. And have had em all. A true game changer even up against the phones we used today.,2026-03-06 19:25:00+00:00,0,0.2166666666666666,positive
O9nMs48QM8k,My TOP 4 iPhones of ALL TIME 😳 #iphone #apple #iphones #tech,2288693,112266,1089,@Timothy2k17,Really the 13?,2026-03-06 14:14:06+00:00,0,0.2,positive
O9nMs48QM8k,My TOP 4 iPhones of ALL TIME 😳 #iphone #apple #iphones #tech,2288693,112266,1089,@hullo5,"Favorite phones of all time: 
1. Samsung Sway
2. iPhone SE 2016/iPhone 13 mini
3. BlackBerry Pearl",2026-03-06 10:36:49+00:00,0,0.5,positive
O9nMs48QM8k,My TOP 4 iPhones of ALL TIME 😳 #iphone #apple #iphones #tech,2288693,112266,1089,@KNYphonks,".



















                                                                             .",2026-03-06 10:08:21+00:00,0,0.0,neutral
O9nMs48QM8k,My TOP 4 iPhones of ALL TIME 😳 #iphone #apple #iphones #tech,2288693,112266,1089,@KNYphonks,.,2026-03-06 10:07:50+00:00,0,0.0,neutral
O9nMs48QM8k,My TOP 4 iPhones of ALL TIME 😳 #iphone #apple #iphones #tech,2288693,112266,1089,@ryderryzen9723,6s could be a contender if it doesn’t bent as easy,2026-03-06 07:37:56+00:00,0,0.43333333333333335,positive
O9nMs48QM8k,My TOP 4 iPhones of ALL TIME 😳 #iphone #apple #iphones #tech,2288693,112266,1089,@sammyt3514,"I got the 4S for free from my carrier but I hated the iPhone with passion at the time, so I trade it in for a Blackberry Playbook tablet (which no one remembers even existed)! Not my proudest moment it must be said.",2026-03-05 19:03:48+00:00,0,-0.3,negative
O9nMs48QM8k,My TOP 4 iPhones of ALL TIME 😳 #iphone #apple #iphones #tech,2288693,112266,1089,@WayabaAbubakar-g7q,"Bro,that red iPhone XR is goated.iPhone should release the red color",2026-03-05 07:48:30+00:00,0,0.0,neutral
O9nMs48QM8k,My TOP 4 iPhones of ALL TIME 😳 #iphone #apple #iphones #tech,2288693,112266,1089,@Shalem8181,iPhone 6s ❤,2026-03-05 02:42:39+00:00,0,0.0,neutral
O9nMs48QM8k,My TOP 4 iPhones of ALL TIME 😳 #iphone #apple #iphones #tech,2288693,112266,1089,@Aspasp02,"4s is the OG. It was my first iPhone experience. I was in my 8th grade when i got it😅 that time, i also had windows lumia and and android tablet from asus. Experienced 3 diff OS experiences at a time. iOS was my favourite. Later I got into 6s plus, that's where i started hating iPhones. Forever shifted to android😅 but still, my favourites are 4s and 6. Another Apple product that i love is the iPod shuffle 😭. 4s and iPod shuffle are still alive 😅😅",2026-03-05 01:04:42+00:00,0,0.33,positive
O9nMs48QM8k,My TOP 4 iPhones of ALL TIME 😳 #iphone #apple #iphones #tech,2288693,112266,1089,@graazioso,"17 pro max is the best i’ve ever had out of all these: 

iPhone 4s
iPhone 5s
iPhone 6s
iPhone 7+
iPhone 8+
iPhone 12 Pro Max
iPhone 14 Pro Max
iPhone 15 Pro Max
iPhone 17 Pro Max

for me it all comes down to battery life and the 17 pro max is genuinely wild for battery",2026-03-03 23:50:24+00:00,0,0.3148148148148148,positive
O9nMs48QM8k,My TOP 4 iPhones of ALL TIME 😳 #iphone #apple #iphones #tech,2288693,112266,1089,@JancoMurray,I have the red iphone 10x but just wanne sy ita acsely xr not 10x😊,2026-03-03 17:48:55+00:00,0,0.0,neutral
O9nMs48QM8k,My TOP 4 iPhones of ALL TIME 😳 #iphone #apple #iphones #tech,2288693,112266,1089,@SawlanKhadka,Do you used ai to make this video its seems quite bad,2026-03-02 17:25:27+00:00,0,-0.6999999999999998,negative
O9nMs48QM8k,My TOP 4 iPhones of ALL TIME 😳 #iphone #apple #iphones #tech,2288693,112266,1089,@phantom64gaming,Me my best iPhone is the iPhone xs,2026-03-02 15:03:13+00:00,0,1.0,positive
O9nMs48QM8k,My TOP 4 iPhones of ALL TIME 😳 #iphone #apple #iphones #tech,2288693,112266,1089,@PaarthivAjhar-t4h2z,Yea iphone 13 pro max is goated I love it so much my father used it then my brother is using it now but for few if the days I have used it and it was so fun to use,2026-02-28 16:37:24+00:00,0,0.19999999999999998,positive
O9nMs48QM8k,My TOP 4 iPhones of ALL TIME 😳 #iphone #apple #iphones #tech,2288693,112266,1089,@krishnagarg2226,"3, 14 pro
2, 11
1, xs",2026-02-28 04:27:28+00:00,0,0.0,neutral
O9nMs48QM8k,My TOP 4 iPhones of ALL TIME 😳 #iphone #apple #iphones #tech,2288693,112266,1089,@emmabae4426,13 Pro Max,2026-02-27 00:49:50+00:00,0,0.0,neutral
O9nMs48QM8k,My TOP 4 iPhones of ALL TIME 😳 #iphone #apple #iphones #tech,2288693,112266,1089,@ladiesloveghost.,"When I removed my sim card out of my SE 2020 years ago, it started being laggy sometimes but was good before all of that. Is that normal for a phone? Still runs though.",2026-02-27 00:05:33+00:00,0,0.425,positive
O9nMs48QM8k,My TOP 4 iPhones of ALL TIME 😳 #iphone #apple #iphones #tech,2288693,112266,1089,@heyjilalhere,"6+ , 13 pm these were the most perfect of their time",2026-02-26 16:35:17+00:00,0,0.75,positive
O9nMs48QM8k,My TOP 4 iPhones of ALL TIME 😳 #iphone #apple #iphones #tech,2288693,112266,1089,@toruuchii,7+ was goated fr,2026-02-26 10:35:41+00:00,0,0.0,neutral
O9nMs48QM8k,My TOP 4 iPhones of ALL TIME 😳 #iphone #apple #iphones #tech,2288693,112266,1089,@jeirennn,"You might be the first person to call the XR a 10R. Was genuinely confused for a second, never understood why they used a Roman Numeral lol",2026-02-25 15:54:37+00:00,0,0.1625,positive
O9nMs48QM8k,My TOP 4 iPhones of ALL TIME 😳 #iphone #apple #iphones #tech,2288693,112266,1089,@apennameandthata2017,17PM,2026-02-25 10:19:05+00:00,0,0.0,neutral
O9nMs48QM8k,My TOP 4 iPhones of ALL TIME 😳 #iphone #apple #iphones #tech,2288693,112266,1089,@QasmiTailor-z1c3v,I phone 4s giw me please,2026-02-24 11:17:30+00:00,0,0.0,neutral
O9nMs48QM8k,My TOP 4 iPhones of ALL TIME 😳 #iphone #apple #iphones #tech,2288693,112266,1089,@Jimmybob4200,valid list,2026-02-23 19:37:13+00:00,0,0.0,neutral
O9nMs48QM8k,My TOP 4 iPhones of ALL TIME 😳 #iphone #apple #iphones #tech,2288693,112266,1089,@mmooo_11,iPhone 11,2026-02-22 02:57:13+00:00,0,0.0,neutral
O9nMs48QM8k,My TOP 4 iPhones of ALL TIME 😳 #iphone #apple #iphones #tech,2288693,112266,1089,@rifaeyyyy,👍🏻,2026-02-21 06:02:23+00:00,0,0.0,neutral
O9nMs48QM8k,My TOP 4 iPhones of ALL TIME 😳 #iphone #apple #iphones #tech,2288693,112266,1089,@laurensimonee,I loved my 5s,2026-02-20 16:32:02+00:00,0,0.7,positive
O9nMs48QM8k,My TOP 4 iPhones of ALL TIME 😳 #iphone #apple #iphones #tech,2288693,112266,1089,@kumikco90,Definitely the 5s and 13 pro are the best to me.,2026-02-19 21:21:07+00:00,0,0.5,positive
O9nMs48QM8k,My TOP 4 iPhones of ALL TIME 😳 #iphone #apple #iphones #tech,2288693,112266,1089,@slicemotion-video,11 is the best,2026-02-19 17:55:35+00:00,0,1.0,positive
O9nMs48QM8k,My TOP 4 iPhones of ALL TIME 😳 #iphone #apple #iphones #tech,2288693,112266,1089,@themomoninja,I miss my 7plus with my heart,2026-02-19 11:12:06+00:00,0,0.0,neutral
O9nMs48QM8k,My TOP 4 iPhones of ALL TIME 😳 #iphone #apple #iphones #tech,2288693,112266,1089,@Leviclement-u8c,Bro you look stingy with all those phones,2026-02-19 10:05:25+00:00,0,0.0,neutral
O9nMs48QM8k,My TOP 4 iPhones of ALL TIME 😳 #iphone #apple #iphones #tech,2288693,112266,1089,@TheRomaniBanks,"My Top 5 of all time would be (off impact)

iPhone 6s/6s Plus
iPhone 4s
iPhone 10
iPhone 13Pro/Pro Max
iPhone 7 Plus",2026-02-19 02:07:33+00:00,1,0.5,positive
O9nMs48QM8k,My TOP 4 iPhones of ALL TIME 😳 #iphone #apple #iphones #tech,2288693,112266,1089,@appletips2007,"I love the 5s too, even though I never used one as a daily driver, I did use the 5",2026-02-18 19:38:34+00:00,0,0.25,positive
O9nMs48QM8k,My TOP 4 iPhones of ALL TIME 😳 #iphone #apple #iphones #tech,2288693,112266,1089,@Jdipier2,"I’ve had the 4s, 5c for a min, 5s l, 6s for a long time, se2020 edition, 12 pro max, 15 pro max, now 16 pro max and I keep switching back to my 15pm I’ve only had this phone for 2 years lol",2026-02-18 04:24:34+00:00,0,0.1875,positive
O9nMs48QM8k,My TOP 4 iPhones of ALL TIME 😳 #iphone #apple #iphones #tech,2288693,112266,1089,@mehtiyalap6,My first and favorite iPhone was the 3GS. It was so ahead of it’s time. I also jailbroke it and made it fully custom with Cydia. Man the nostalgia hits hard..,2026-02-18 04:00:42+00:00,0,0.15277777777777776,positive
O9nMs48QM8k,My TOP 4 iPhones of ALL TIME 😳 #iphone #apple #iphones #tech,2288693,112266,1089,@erikpapaplays,I’m surprised 13 Pro Max is number 1. No doubt. I still have the Sierra Blue 13 PM next to my 16 Pro and I still end up having my 13 PM as my daily.,2026-02-17 14:48:36+00:00,0,0.025,positive
O9nMs48QM8k,My TOP 4 iPhones of ALL TIME 😳 #iphone #apple #iphones #tech,2288693,112266,1089,@henryskipa,"The iPhone 5s had too much aura 🥳🥳🥳
I really miss mines 😢",2026-02-17 14:27:48+00:00,2,0.2,positive
O9nMs48QM8k,My TOP 4 iPhones of ALL TIME 😳 #iphone #apple #iphones #tech,2288693,112266,1089,@BaoMinh-xd7qw,?,2026-02-16 13:19:56+00:00,0,0.0,neutral
O9nMs48QM8k,My TOP 4 iPhones of ALL TIME 😳 #iphone #apple #iphones #tech,2288693,112266,1089,@muyiwaolaogun4952,Come and give me one Abeg 😢,2026-02-16 11:17:52+00:00,0,0.0,neutral
O9nMs48QM8k,My TOP 4 iPhones of ALL TIME 😳 #iphone #apple #iphones #tech,2288693,112266,1089,@lemonlimez8939,watching this on my red xr 😂,2026-02-15 17:49:23+00:00,2,0.0,neutral
O9nMs48QM8k,My TOP 4 iPhones of ALL TIME 😳 #iphone #apple #iphones #tech,2288693,112266,1089,@gessykamara920,Relo,2026-02-15 16:57:17+00:00,0,0.0,neutral
O9nMs48QM8k,My TOP 4 iPhones of ALL TIME 😳 #iphone #apple #iphones #tech,2288693,112266,1089,@arslanamin6353,"iphone 5s,6s,x",2026-02-15 12:25:37+00:00,0,0.0,neutral
O9nMs48QM8k,My TOP 4 iPhones of ALL TIME 😳 #iphone #apple #iphones #tech,2288693,112266,1089,@franksparticus,Man I miss the lack of camera bump. Truly a better time. And the phones were perfectly sized.,2026-02-15 11:46:22+00:00,0,0.75,positive
O9nMs48QM8k,My TOP 4 iPhones of ALL TIME 😳 #iphone #apple #iphones #tech,2288693,112266,1089,@sujathashankar1472,Can i have one of them,2026-02-15 04:37:31+00:00,0,0.0,neutral
O9nMs48QM8k,My TOP 4 iPhones of ALL TIME 😳 #iphone #apple #iphones #tech,2288693,112266,1089,@protatorhcr2,"Galaxy S21 (2021): unsupported 
iPhone 5s (2013): still fully supported until 2027 🗿🗿",2026-02-15 03:01:50+00:00,0,0.0,neutral
OcUQUuLnDt0,iPhone 13 Vs iPhone 13 Pro || Camera Zoom Test! #shorts,9051450,72123,237,@Haris_Official12,hello,2026-03-30 06:19:23+00:00,0,0.0,neutral
OcUQUuLnDt0,iPhone 13 Vs iPhone 13 Pro || Camera Zoom Test! #shorts,9051450,72123,237,@CHEGUERA1299che,j,2026-03-28 11:40:23+00:00,0,0.0,neutral
OcUQUuLnDt0,iPhone 13 Vs iPhone 13 Pro || Camera Zoom Test! #shorts,9051450,72123,237,@Misis_jenni,Iphone 13 pro max,2026-03-28 05:23:52+00:00,0,0.0,neutral
OcUQUuLnDt0,iPhone 13 Vs iPhone 13 Pro || Camera Zoom Test! #shorts,9051450,72123,237,@IsraelFlores-i7t,Wow😮,2026-03-28 02:37:33+00:00,0,0.0,neutral
OcUQUuLnDt0,iPhone 13 Vs iPhone 13 Pro || Camera Zoom Test! #shorts,9051450,72123,237,@RitaKarunia-n8w4e,Amien semoga segera saya punya. 🙇‍♀️,2026-03-22 06:11:04+00:00,0,0.0,neutral
OcUQUuLnDt0,iPhone 13 Vs iPhone 13 Pro || Camera Zoom Test! #shorts,9051450,72123,237,@AgnesDemile11,13🎉🎉 normal win🎉🎉🎉,2026-03-14 09:56:25+00:00,0,0.15,positive
OcUQUuLnDt0,iPhone 13 Vs iPhone 13 Pro || Camera Zoom Test! #shorts,9051450,72123,237,@parmjitdhaiwal6819,What is color of 13 pro please anyone tell me,2026-03-09 16:39:13+00:00,0,0.0,neutral
OcUQUuLnDt0,iPhone 13 Vs iPhone 13 Pro || Camera Zoom Test! #shorts,9051450,72123,237,@MooraneKgokologa,How much,2026-03-01 15:55:10+00:00,0,0.2,positive
OcUQUuLnDt0,iPhone 13 Vs iPhone 13 Pro || Camera Zoom Test! #shorts,9051450,72123,237,@LamiyeQasanova,iPhone 13 pro,2026-02-28 14:50:16+00:00,0,0.0,neutral
OcUQUuLnDt0,iPhone 13 Vs iPhone 13 Pro || Camera Zoom Test! #shorts,9051450,72123,237,@Best_Philips,ip x vs 13 test zoom,2026-02-28 01:53:57+00:00,0,0.0,neutral
OcUQUuLnDt0,iPhone 13 Vs iPhone 13 Pro || Camera Zoom Test! #shorts,9051450,72123,237,@Rahulstant464,Nice 👍👍,2026-02-26 13:59:59+00:00,0,0.6,positive
OcUQUuLnDt0,iPhone 13 Vs iPhone 13 Pro || Camera Zoom Test! #shorts,9051450,72123,237,@itssharkeyboy123,I Have 13 Pro,2026-02-19 21:57:42+00:00,0,0.0,neutral
OcUQUuLnDt0,iPhone 13 Vs iPhone 13 Pro || Camera Zoom Test! #shorts,9051450,72123,237,@BapakJupri-d4t,❤❤❤shamil,2026-02-13 08:48:22+00:00,0,0.0,neutral
OcUQUuLnDt0,iPhone 13 Vs iPhone 13 Pro || Camera Zoom Test! #shorts,9051450,72123,237,@AliAslanComert-muzik1fs,"13 Pro: 15×
13: 5× 💀",2026-02-10 16:28:57+00:00,0,0.0,neutral
OcUQUuLnDt0,iPhone 13 Vs iPhone 13 Pro || Camera Zoom Test! #shorts,9051450,72123,237,@Pascualintv,13 toda la vida,2026-02-07 00:51:15+00:00,0,0.0,neutral
OcUQUuLnDt0,iPhone 13 Vs iPhone 13 Pro || Camera Zoom Test! #shorts,9051450,72123,237,@liyahs_1803,13 was a solid phone. I have the 14 still a solid phone as well slightly more modern and slightly quicker,2026-02-07 00:25:31+00:00,0,0.10666666666666666,positive
OcUQUuLnDt0,iPhone 13 Vs iPhone 13 Pro || Camera Zoom Test! #shorts,9051450,72123,237,@sm_games146,I have 13,2026-01-26 17:23:50+00:00,0,0.0,neutral
OcUQUuLnDt0,iPhone 13 Vs iPhone 13 Pro || Camera Zoom Test! #shorts,9051450,72123,237,@MartinMalina-i9t,"I have iPhone 13 256 gb, iPhone 13 pro 128 gb ❤",2026-01-24 20:02:22+00:00,0,0.0,neutral
OcUQUuLnDt0,iPhone 13 Vs iPhone 13 Pro || Camera Zoom Test! #shorts,9051450,72123,237,@anirbanmaity9948,MAITI,2026-01-23 21:21:15+00:00,0,0.0,neutral
OcUQUuLnDt0,iPhone 13 Vs iPhone 13 Pro || Camera Zoom Test! #shorts,9051450,72123,237,@anirbanmaity9948,AME,2026-01-23 21:21:08+00:00,0,0.0,neutral
OcUQUuLnDt0,iPhone 13 Vs iPhone 13 Pro || Camera Zoom Test! #shorts,9051450,72123,237,@anirbanmaity9948,BA,2026-01-23 21:20:55+00:00,0,0.0,neutral
OcUQUuLnDt0,iPhone 13 Vs iPhone 13 Pro || Camera Zoom Test! #shorts,9051450,72123,237,@anirbanmaity9948,HOTEL,2026-01-23 21:20:39+00:00,0,0.0,neutral
OcUQUuLnDt0,iPhone 13 Vs iPhone 13 Pro || Camera Zoom Test! #shorts,9051450,72123,237,@anirbanmaity9948,TRAVEL,2026-01-23 21:20:29+00:00,0,0.0,neutral
OcUQUuLnDt0,iPhone 13 Vs iPhone 13 Pro || Camera Zoom Test! #shorts,9051450,72123,237,@anirbanmaity9948,BED,2026-01-23 21:20:20+00:00,0,0.0,neutral
OcUQUuLnDt0,iPhone 13 Vs iPhone 13 Pro || Camera Zoom Test! #shorts,9051450,72123,237,@anirbanmaity9948,EYES,2026-01-23 21:20:14+00:00,0,0.0,neutral
OcUQUuLnDt0,iPhone 13 Vs iPhone 13 Pro || Camera Zoom Test! #shorts,9051450,72123,237,@anirbanmaity9948,FUTURE,2026-01-23 21:20:01+00:00,0,0.0,neutral
OcUQUuLnDt0,iPhone 13 Vs iPhone 13 Pro || Camera Zoom Test! #shorts,9051450,72123,237,@anirbanmaity9948,FIRST,2026-01-23 21:19:52+00:00,0,0.25,positive
OcUQUuLnDt0,iPhone 13 Vs iPhone 13 Pro || Camera Zoom Test! #shorts,9051450,72123,237,@AriyanKhan-j2z5m,I,2026-01-22 08:44:14+00:00,0,0.0,neutral
OcUQUuLnDt0,iPhone 13 Vs iPhone 13 Pro || Camera Zoom Test! #shorts,9051450,72123,237,@mevadamukesh8544,The idea is outstanding I did not expect it to be this good.,2026-01-19 10:10:26+00:00,0,0.6,positive
OcUQUuLnDt0,iPhone 13 Vs iPhone 13 Pro || Camera Zoom Test! #shorts,9051450,72123,237,@HanifaAlgashbaeva,Iphone 13 normal,2026-01-14 15:46:35+00:00,0,0.15,positive
OcUQUuLnDt0,iPhone 13 Vs iPhone 13 Pro || Camera Zoom Test! #shorts,9051450,72123,237,@MalikAysha-p3j,❤❤❤❤❤❤❤🎉🎉🎉🎉,2026-01-11 12:24:03+00:00,0,0.0,neutral
OcUQUuLnDt0,iPhone 13 Vs iPhone 13 Pro || Camera Zoom Test! #shorts,9051450,72123,237,@Sahabuddinbhuiyan-l3x,I have 😊,2026-01-11 09:06:41+00:00,0,0.0,neutral
OcUQUuLnDt0,iPhone 13 Vs iPhone 13 Pro || Camera Zoom Test! #shorts,9051450,72123,237,@PhoneShort-h8z,Good job ❤,2026-01-10 12:38:47+00:00,1,0.7,positive
OcUQUuLnDt0,iPhone 13 Vs iPhone 13 Pro || Camera Zoom Test! #shorts,9051450,72123,237,@Onikoyi-Eso,It's seem the zoom is not enough in 13 because I own 13 but don't allow me to zoom as much as I wish to,2026-01-08 10:19:32+00:00,0,0.26666666666666666,positive
OcUQUuLnDt0,iPhone 13 Vs iPhone 13 Pro || Camera Zoom Test! #shorts,9051450,72123,237,@ابراهيمفودو-ض8و,I have iPhone 13 Pro max,2026-01-01 13:09:34+00:00,0,0.0,neutral
OcUQUuLnDt0,iPhone 13 Vs iPhone 13 Pro || Camera Zoom Test! #shorts,9051450,72123,237,@hasti11-u5v,خیلی هم ۱۳نرمال خوبه و خوب زوم میکنه من ۱۳نرمال دارم و تا ابد هم (میدارم😂),2025-12-26 19:44:33+00:00,1,0.0,neutral
OcUQUuLnDt0,iPhone 13 Vs iPhone 13 Pro || Camera Zoom Test! #shorts,9051450,72123,237,@AryaPatel-i6y,Can I get the one iPhone 13 plsssss,2025-12-24 22:13:38+00:00,0,0.0,neutral
OcUQUuLnDt0,iPhone 13 Vs iPhone 13 Pro || Camera Zoom Test! #shorts,9051450,72123,237,@Minnie-yuh,THANK YOU SO MUCH,2025-12-24 02:48:49+00:00,0,0.2,positive
OcUQUuLnDt0,iPhone 13 Vs iPhone 13 Pro || Camera Zoom Test! #shorts,9051450,72123,237,@АйсанаАлипбай,13 про🥰🫶🏻🫶🏻,2025-12-21 19:06:34+00:00,0,0.0,neutral
OcUQUuLnDt0,iPhone 13 Vs iPhone 13 Pro || Camera Zoom Test! #shorts,9051450,72123,237,@RihamAmine-j6f,I have 13pro,2025-12-21 12:50:35+00:00,0,0.0,neutral
OcUQUuLnDt0,iPhone 13 Vs iPhone 13 Pro || Camera Zoom Test! #shorts,9051450,72123,237,@SakibRakib-5060,মাওনা চৌরাস্তা ঠিকানা,2025-12-17 08:31:25+00:00,0,0.0,neutral
OcUQUuLnDt0,iPhone 13 Vs iPhone 13 Pro || Camera Zoom Test! #shorts,9051450,72123,237,@SakibRakib-5060,কিনতে চাই,2025-12-17 08:31:09+00:00,0,0.0,neutral
OcUQUuLnDt0,iPhone 13 Vs iPhone 13 Pro || Camera Zoom Test! #shorts,9051450,72123,237,@SakibRakib-5060,আইফোন 6 এর দাম কত,2025-12-17 08:30:54+00:00,0,0.0,neutral
OcUQUuLnDt0,iPhone 13 Vs iPhone 13 Pro || Camera Zoom Test! #shorts,9051450,72123,237,@MusayevTahir,13 pro,2025-12-12 14:31:58+00:00,0,0.0,neutral
OcUQUuLnDt0,iPhone 13 Vs iPhone 13 Pro || Camera Zoom Test! #shorts,9051450,72123,237,@shehryar4756,58ooo,2025-12-06 13:03:21+00:00,0,0.0,neutral
OcUQUuLnDt0,iPhone 13 Vs iPhone 13 Pro || Camera Zoom Test! #shorts,9051450,72123,237,@PrinceROKE76,https://youtube.com/shorts/zMIbzNm2K7s?si=d47WNOJFPiUJ6cbl😮😢,2025-12-03 07:50:59+00:00,0,0.0,neutral
OcUQUuLnDt0,iPhone 13 Vs iPhone 13 Pro || Camera Zoom Test! #shorts,9051450,72123,237,@blacpower4554,just got my very 1st iphone from my wife.. i've been a galaxy s6+ loyal customer for years.. now as of yesterday im using a iphone 13.. and i kinda like it.. best wife ever..,2025-11-30 17:47:06+00:00,6,0.5111111111111111,positive
OcUQUuLnDt0,iPhone 13 Vs iPhone 13 Pro || Camera Zoom Test! #shorts,9051450,72123,237,@SubashDahal-l1v,What is the price,2025-11-30 02:16:31+00:00,0,0.0,neutral
OcUQUuLnDt0,iPhone 13 Vs iPhone 13 Pro || Camera Zoom Test! #shorts,9051450,72123,237,@SubashDahal-l1v,Price,2025-11-30 02:16:06+00:00,0,0.0,neutral
OcUQUuLnDt0,iPhone 13 Vs iPhone 13 Pro || Camera Zoom Test! #shorts,9051450,72123,237,@HISHAMFirozmkHishu,I like 13 😊😊😊,2025-11-27 11:47:19+00:00,0,0.0,neutral
OcUQUuLnDt0,iPhone 13 Vs iPhone 13 Pro || Camera Zoom Test! #shorts,9051450,72123,237,@Chicken1x-g9k,Same lol,2025-11-16 19:25:01+00:00,0,0.4,positive
OcUQUuLnDt0,iPhone 13 Vs iPhone 13 Pro || Camera Zoom Test! #shorts,9051450,72123,237,@MarisolBinasoy,paanu ako mkabili,2025-11-08 08:37:10+00:00,0,0.0,neutral
OcUQUuLnDt0,iPhone 13 Vs iPhone 13 Pro || Camera Zoom Test! #shorts,9051450,72123,237,@Realteamguest_forever,"I got a 13 pro max when I am literally 10
By the way I recommend not taking expensive phones out side cause they might steal",2025-11-05 16:40:49+00:00,0,-0.5,negative
OcUQUuLnDt0,iPhone 13 Vs iPhone 13 Pro || Camera Zoom Test! #shorts,9051450,72123,237,@YasinMiah-r4i1r,I’ve got a 13 Pro and my mum’s got a 13.,2025-10-29 17:49:43+00:00,18,0.0,neutral
OcUQUuLnDt0,iPhone 13 Vs iPhone 13 Pro || Camera Zoom Test! #shorts,9051450,72123,237,@GaganRajbanshi-n6i,Muji 13 balck ma xaina,2025-10-28 15:55:00+00:00,0,0.0,neutral
OcUQUuLnDt0,iPhone 13 Vs iPhone 13 Pro || Camera Zoom Test! #shorts,9051450,72123,237,@RosieTambula-ks5ym,iPhone 13 my beloved phone,2025-10-18 09:05:01+00:00,0,0.7,positive
OcUQUuLnDt0,iPhone 13 Vs iPhone 13 Pro || Camera Zoom Test! #shorts,9051450,72123,237,@Layan630,iPhone videos for Palestine.,2025-10-16 18:40:15+00:00,0,0.0,neutral
OcUQUuLnDt0,iPhone 13 Vs iPhone 13 Pro || Camera Zoom Test! #shorts,9051450,72123,237,@vivekRajput-mp9kf,iPhone 13,2025-10-16 06:53:42+00:00,0,0.0,neutral
OcUQUuLnDt0,iPhone 13 Vs iPhone 13 Pro || Camera Zoom Test! #shorts,9051450,72123,237,@kimyuri-u2x,My phone has 13pro,2025-10-12 16:57:51+00:00,0,0.0,neutral
OcUQUuLnDt0,iPhone 13 Vs iPhone 13 Pro || Camera Zoom Test! #shorts,9051450,72123,237,@Elçinmrv,Hm,2025-10-11 11:46:09+00:00,0,0.0,neutral
OcUQUuLnDt0,iPhone 13 Vs iPhone 13 Pro || Camera Zoom Test! #shorts,9051450,72123,237,@Elçinmrv,Hə,2025-10-11 11:45:58+00:00,0,0.0,neutral
OcUQUuLnDt0,iPhone 13 Vs iPhone 13 Pro || Camera Zoom Test! #shorts,9051450,72123,237,@1.74,ขึ้นชื่อว่าโปรมันก็ต้องดีกว่าดิไอbuffalo,2025-10-11 10:08:21+00:00,0,0.0,neutral
OcUQUuLnDt0,iPhone 13 Vs iPhone 13 Pro || Camera Zoom Test! #shorts,9051450,72123,237,@AmericanAnonymous,My iPhone 13 Pro Max has been a tank. As a former online influencer I bought another one aftermarket due to its reliability,2025-10-11 05:54:49+00:00,43,-0.0625,negative
OcUQUuLnDt0,iPhone 13 Vs iPhone 13 Pro || Camera Zoom Test! #shorts,9051450,72123,237,@SujanNepali-z9u,I have 13 pro,2025-10-09 16:09:46+00:00,0,0.0,neutral
OcUQUuLnDt0,iPhone 13 Vs iPhone 13 Pro || Camera Zoom Test! #shorts,9051450,72123,237,@RashShaikh99,Jhoot dikha rahaa hai yeh,2025-10-05 12:13:27+00:00,4,0.0,neutral
OcUQUuLnDt0,iPhone 13 Vs iPhone 13 Pro || Camera Zoom Test! #shorts,9051450,72123,237,@Stubu-kimz,How about iphone 13 pro max,2025-10-04 05:21:49+00:00,0,0.0,neutral
OcUQUuLnDt0,iPhone 13 Vs iPhone 13 Pro || Camera Zoom Test! #shorts,9051450,72123,237,@Scullzy-q8h,That 13 on the left is fake,2025-10-03 14:27:18+00:00,1,-0.25,negative
OcUQUuLnDt0,iPhone 13 Vs iPhone 13 Pro || Camera Zoom Test! #shorts,9051450,72123,237,@Businessb-g6c,Nawa,2025-09-28 12:12:06+00:00,0,0.0,neutral
OcUQUuLnDt0,iPhone 13 Vs iPhone 13 Pro || Camera Zoom Test! #shorts,9051450,72123,237,@AngelDominguez-yb8cq,hm po,2025-09-25 06:13:11+00:00,0,0.0,neutral
OcUQUuLnDt0,iPhone 13 Vs iPhone 13 Pro || Camera Zoom Test! #shorts,9051450,72123,237,@AleenaAli-g5u4s,I have the 13 pro it’s still good,2025-09-21 16:30:26+00:00,0,0.7,positive
OcUQUuLnDt0,iPhone 13 Vs iPhone 13 Pro || Camera Zoom Test! #shorts,9051450,72123,237,@leandrobosso4656,Lidio machado  gracielle de amorim feitosa  mamãe   residencial Olinda  van  master escolar ex lcl  escola  pestalozzi biblia  2025  ex,2025-09-08 15:10:32+00:00,1,0.0,neutral
OcUQUuLnDt0,iPhone 13 Vs iPhone 13 Pro || Camera Zoom Test! #shorts,9051450,72123,237,@He8mychicken123,I'm getting iPhone 13 in December,2025-09-06 16:35:37+00:00,118,0.0,neutral
OcUQUuLnDt0,iPhone 13 Vs iPhone 13 Pro || Camera Zoom Test! #shorts,9051450,72123,237,@AbbakarIsah-z6i,Wow 13 p,2025-09-02 07:12:40+00:00,0,0.1,positive
OcUQUuLnDt0,iPhone 13 Vs iPhone 13 Pro || Camera Zoom Test! #shorts,9051450,72123,237,@YeimyDeJesús-i1l,N la casa y los tuve que tirarme en,2025-08-31 05:45:15+00:00,0,0.0,neutral
OcUQUuLnDt0,iPhone 13 Vs iPhone 13 Pro || Camera Zoom Test! #shorts,9051450,72123,237,@YeimyDeJesús-i1l,😅 N de la casa de la casa de las 5 yegue 1 la mujer mia para que,2025-08-31 04:52:29+00:00,0,0.0,neutral
OcUQUuLnDt0,iPhone 13 Vs iPhone 13 Pro || Camera Zoom Test! #shorts,9051450,72123,237,@ZxVo-d4z,١٣ميني😢😢حلووو جد نفس حقي,2025-08-27 19:43:32+00:00,1,0.0,neutral
OcUQUuLnDt0,iPhone 13 Vs iPhone 13 Pro || Camera Zoom Test! #shorts,9051450,72123,237,@keachanthey229,តម្លៃ,2025-08-26 23:41:58+00:00,0,0.0,neutral
OcUQUuLnDt0,iPhone 13 Vs iPhone 13 Pro || Camera Zoom Test! #shorts,9051450,72123,237,@NajmulHossin-ue8sy,Bright ektu bariye diye kahini dekhatese,2025-08-25 03:27:58+00:00,0,0.7000000000000001,positive
OcUQUuLnDt0,iPhone 13 Vs iPhone 13 Pro || Camera Zoom Test! #shorts,9051450,72123,237,@gaminSAF,Pro 13❤❤❤❤❤❤,2025-08-23 06:19:45+00:00,0,0.0,neutral
OcUQUuLnDt0,iPhone 13 Vs iPhone 13 Pro || Camera Zoom Test! #shorts,9051450,72123,237,@bibi_fan02,Sizce iphone 13 pro mu almalıyım yoksa düz 14 mü,2025-08-10 16:25:34+00:00,0,0.0,neutral
OcUQUuLnDt0,iPhone 13 Vs iPhone 13 Pro || Camera Zoom Test! #shorts,9051450,72123,237,@amareteyayen37,how mony price,2025-08-10 15:25:36+00:00,3,0.0,neutral
OcUQUuLnDt0,iPhone 13 Vs iPhone 13 Pro || Camera Zoom Test! #shorts,9051450,72123,237,@محمدعطيهخضيرقربان,ايهما احسن,2025-08-08 05:13:54+00:00,0,0.0,neutral
OcUQUuLnDt0,iPhone 13 Vs iPhone 13 Pro || Camera Zoom Test! #shorts,9051450,72123,237,@Damope.0,"Jesus is the one true God,Repent if you haven’t ❤❤it’s for ur own good pls❤",2025-08-06 14:23:50+00:00,119,0.5499999999999999,positive
OcUQUuLnDt0,iPhone 13 Vs iPhone 13 Pro || Camera Zoom Test! #shorts,9051450,72123,237,@kushuyamunuri3929,Sale,2025-08-03 12:17:41+00:00,0,0.0,neutral
OcUQUuLnDt0,iPhone 13 Vs iPhone 13 Pro || Camera Zoom Test! #shorts,9051450,72123,237,@Ashiq-oh4dr,Iphone 13. Pro,2025-08-03 10:35:05+00:00,0,0.0,neutral
OcUQUuLnDt0,iPhone 13 Vs iPhone 13 Pro || Camera Zoom Test! #shorts,9051450,72123,237,@MdAlAmin-p4q3e,❤❤,2025-08-01 10:22:54+00:00,0,0.0,neutral
OcUQUuLnDt0,iPhone 13 Vs iPhone 13 Pro || Camera Zoom Test! #shorts,9051450,72123,237,@Meleshik_pelmeshik,Bruh this normal 13 is fake,2025-07-30 10:42:23+00:00,1,-0.175,negative
OcUQUuLnDt0,iPhone 13 Vs iPhone 13 Pro || Camera Zoom Test! #shorts,9051450,72123,237,@akhilpatna,13 Pro is best my dad is iPhone Pro Max❤❤❤,2025-07-23 16:29:10+00:00,9,1.0,positive
OcUQUuLnDt0,iPhone 13 Vs iPhone 13 Pro || Camera Zoom Test! #shorts,9051450,72123,237,@orleuArlan,күшті видео жарайсың😂❤❤❤,2025-07-23 09:17:10+00:00,2,0.0,neutral
OcUQUuLnDt0,iPhone 13 Vs iPhone 13 Pro || Camera Zoom Test! #shorts,9051450,72123,237,@MdJahangirHossien-r7v,হ্যালো ভাইয়া প্রাইস কত❤,2025-07-23 03:43:08+00:00,0,0.0,neutral
OcUQUuLnDt0,iPhone 13 Vs iPhone 13 Pro || Camera Zoom Test! #shorts,9051450,72123,237,@BanitaDevi-l9d9c,~`|♣♪√π÷×§∆\}{=″↓€¥™℅™®←¢>)]™™℅,2025-07-21 11:51:00+00:00,0,0.0,neutral
OcUQUuLnDt0,iPhone 13 Vs iPhone 13 Pro || Camera Zoom Test! #shorts,9051450,72123,237,@KawsarAhmed-cn9qd,13pro,2025-07-19 08:11:36+00:00,0,0.0,neutral
OcUQUuLnDt0,iPhone 13 Vs iPhone 13 Pro || Camera Zoom Test! #shorts,9051450,72123,237,@AwaisJutt-j6b,It is not 13 pro maybe pro max,2025-07-14 05:22:24+00:00,0,0.0,neutral
OcUQUuLnDt0,iPhone 13 Vs iPhone 13 Pro || Camera Zoom Test! #shorts,9051450,72123,237,@bake-ow5ty,Uffffff😮❤,2025-07-11 19:17:48+00:00,1,0.0,neutral
OcUQUuLnDt0,iPhone 13 Vs iPhone 13 Pro || Camera Zoom Test! #shorts,9051450,72123,237,@emineaslan3990,Bende 13 pro var aynı cekiyo,2025-07-11 09:07:30+00:00,0,0.0,neutral
OcUQUuLnDt0,iPhone 13 Vs iPhone 13 Pro || Camera Zoom Test! #shorts,9051450,72123,237,@misterfox5895,У меня 16 про на терабайт,2025-07-06 17:53:24+00:00,0,0.0,neutral
OcUQUuLnDt0,iPhone 13 Vs iPhone 13 Pro || Camera Zoom Test! #shorts,9051450,72123,237,@AgapitoCalipay,Wow nice phone iPhone,2025-07-05 10:14:39+00:00,0,0.35,positive
OcUQUuLnDt0,iPhone 13 Vs iPhone 13 Pro || Camera Zoom Test! #shorts,9051450,72123,237,@SanjarMuhammadiyev-k6g,Oka 13 piro yangisi bormikan,2025-07-05 08:29:41+00:00,0,0.0,neutral
OcUQUuLnDt0,iPhone 13 Vs iPhone 13 Pro || Camera Zoom Test! #shorts,9051450,72123,237,@jesulsrandomaccountforyoutube,Team iphone 14 pro,2025-07-03 22:35:39+00:00,0,0.0,neutral
OcUQUuLnDt0,iPhone 13 Vs iPhone 13 Pro || Camera Zoom Test! #shorts,9051450,72123,237,@gnaybi1,Para qué me la eese,2025-07-02 22:44:10+00:00,0,0.0,neutral
NZV3sVFec0w,🍎 iPhone 17e - Power Ila da...❌  தவறு ✅🤦‍♂️..... ⭐ TechSuperStar ⭐,67897,3775,104,@kabaddilovers1390,Bro nothing 4a review panunga vangalama venama nu,2026-03-30 13:38:24+00:00,0,0.0,neutral
NZV3sVFec0w,🍎 iPhone 17e - Power Ila da...❌  தவறு ✅🤦‍♂️..... ⭐ TechSuperStar ⭐,67897,3775,104,@ganesh0823ii,"Bro, Do Macbook Neo review",2026-03-30 12:20:02+00:00,0,0.0,neutral
NZV3sVFec0w,🍎 iPhone 17e - Power Ila da...❌  தவறு ✅🤦‍♂️..... ⭐ TechSuperStar ⭐,67897,3775,104,@rvishwa7913,bro vivo v70 review,2026-03-30 05:25:23+00:00,0,0.0,neutral
NZV3sVFec0w,🍎 iPhone 17e - Power Ila da...❌  தவறு ✅🤦‍♂️..... ⭐ TechSuperStar ⭐,67897,3775,104,@mr_althab,Realmi gt 8 pro review podunga,2026-03-29 08:08:59+00:00,0,0.0,neutral
NZV3sVFec0w,🍎 iPhone 17e - Power Ila da...❌  தவறு ✅🤦‍♂️..... ⭐ TechSuperStar ⭐,67897,3775,104,@aadhikeshavanaadhikeshavan2273,❤❤❤,2026-03-28 17:15:43+00:00,0,0.0,neutral
NZV3sVFec0w,🍎 iPhone 17e - Power Ila da...❌  தவறு ✅🤦‍♂️..... ⭐ TechSuperStar ⭐,67897,3775,104,@GEETHASIVAKUMAR-p2y,11000 sema worthy 😅,2026-03-28 12:06:47+00:00,0,0.3333333333333333,positive
NZV3sVFec0w,🍎 iPhone 17e - Power Ila da...❌  தவறு ✅🤦‍♂️..... ⭐ TechSuperStar ⭐,67897,3775,104,@karthick.jkarthikjayaraman8481,Marsqin mobile keypad  video bro,2026-03-28 10:28:39+00:00,0,0.0,neutral
NZV3sVFec0w,🍎 iPhone 17e - Power Ila da...❌  தவறு ✅🤦‍♂️..... ⭐ TechSuperStar ⭐,67897,3775,104,@user-harsi,Na mass 👏❤️‍🔥 na 😂,2026-03-28 09:29:06+00:00,0,0.0,neutral
NZV3sVFec0w,🍎 iPhone 17e - Power Ila da...❌  தவறு ✅🤦‍♂️..... ⭐ TechSuperStar ⭐,67897,3775,104,@venkadeshvelk7998,"Naa enime Iphone vanga maaten, 4 years la battery sethu pochu. Avlo price kuduthu waste, ethuku naalu android phone vaangikalaam",2026-03-28 08:42:05+00:00,0,-0.2,negative
NZV3sVFec0w,🍎 iPhone 17e - Power Ila da...❌  தவறு ✅🤦‍♂️..... ⭐ TechSuperStar ⭐,67897,3775,104,@no_body46,YouTube la reading la understand pannalanu wordings vachu screen eh cover pannitaga,2026-03-28 06:03:07+00:00,0,0.0,neutral
NZV3sVFec0w,🍎 iPhone 17e - Power Ila da...❌  தவறு ✅🤦‍♂️..... ⭐ TechSuperStar ⭐,67897,3775,104,@JishnuDakshin,Bro realme narzo 80 pro 5g unboxing video podunga,2026-03-28 05:50:35+00:00,0,0.0,neutral
NZV3sVFec0w,🍎 iPhone 17e - Power Ila da...❌  தவறு ✅🤦‍♂️..... ⭐ TechSuperStar ⭐,67897,3775,104,@prabakaran-7347,அதுக்கு இந்த ஃபோன் லான்ச் பண்ணாமலே இருக்கலாம். 17 வாங்கறவன் வாங்கிருப்பான்,2026-03-28 05:25:41+00:00,0,0.0,neutral
NZV3sVFec0w,🍎 iPhone 17e - Power Ila da...❌  தவறு ✅🤦‍♂️..... ⭐ TechSuperStar ⭐,67897,3775,104,@ToplineEngineeringHarish,Moto signature review,2026-03-28 05:08:51+00:00,0,0.0,neutral
NZV3sVFec0w,🍎 iPhone 17e - Power Ila da...❌  தவறு ✅🤦‍♂️..... ⭐ TechSuperStar ⭐,67897,3775,104,@Gaming_Tamilan_official,Oppo find n6 fold please review,2026-03-28 04:55:26+00:00,0,0.0,neutral
NZV3sVFec0w,🍎 iPhone 17e - Power Ila da...❌  தவறு ✅🤦‍♂️..... ⭐ TechSuperStar ⭐,67897,3775,104,@VFXMadhanEditz,Bro editing superannuation iruku eppadi pandringanu sollunga,2026-03-28 03:30:27+00:00,0,0.0,neutral
NZV3sVFec0w,🍎 iPhone 17e - Power Ila da...❌  தவறு ✅🤦‍♂️..... ⭐ TechSuperStar ⭐,67897,3775,104,@PriyanDarkdoomFirefang,Bro I need a best curved display under 20k battery is ok performance should be good and camera in future I should not get any problems,2026-03-28 01:49:18+00:00,0,0.55,positive
NZV3sVFec0w,🍎 iPhone 17e - Power Ila da...❌  தவறு ✅🤦‍♂️..... ⭐ TechSuperStar ⭐,67897,3775,104,@ParthaSarathi-oh7we,Yoooooooo nothing 4a pro review ennachu yaaaaaa edhaium kaanum bro daily vandhu vandhu paaken iilayeee 😅,2026-03-27 21:17:11+00:00,0,0.0,neutral
NZV3sVFec0w,🍎 iPhone 17e - Power Ila da...❌  தவறு ✅🤦‍♂️..... ⭐ TechSuperStar ⭐,67897,3775,104,@vanniappan,Pro poco x8 pro review please,2026-03-27 17:43:11+00:00,0,0.0,neutral
NZV3sVFec0w,🍎 iPhone 17e - Power Ila da...❌  தவறு ✅🤦‍♂️..... ⭐ TechSuperStar ⭐,67897,3775,104,@Mr_loner_96,Enaku giveaway kudunga😅,2026-03-27 17:42:11+00:00,0,0.0,neutral
NZV3sVFec0w,🍎 iPhone 17e - Power Ila da...❌  தவறு ✅🤦‍♂️..... ⭐ TechSuperStar ⭐,67897,3775,104,@_heart_hacker_prem_,Bro 17ipo tha vanguna 1min ku 1percent chrg erangudhu ella off panniyum,2026-03-27 17:38:44+00:00,0,0.0,neutral
NZV3sVFec0w,🍎 iPhone 17e - Power Ila da...❌  தவறு ✅🤦‍♂️..... ⭐ TechSuperStar ⭐,67897,3775,104,@muhammadafrah2545,bro a37 vs a57 review video podunga bro,2026-03-27 17:09:03+00:00,0,0.0,neutral
NZV3sVFec0w,🍎 iPhone 17e - Power Ila da...❌  தவறு ✅🤦‍♂️..... ⭐ TechSuperStar ⭐,67897,3775,104,@vickvlogs7222,தல vivo x300 vs iPhone 17 compassion video பண்ணுங்க தல,2026-03-27 15:31:18+00:00,2,0.0,neutral
NZV3sVFec0w,🍎 iPhone 17e - Power Ila da...❌  தவறு ✅🤦‍♂️..... ⭐ TechSuperStar ⭐,67897,3775,104,@MullaikodiRamesh,Samsung Galaxy buds 4 pro review podunga,2026-03-27 14:59:35+00:00,0,0.0,neutral
NZV3sVFec0w,🍎 iPhone 17e - Power Ila da...❌  தவறு ✅🤦‍♂️..... ⭐ TechSuperStar ⭐,67897,3775,104,@007-Gaming-Broken,Epdi oru tech ytber ku mulayae illama iruku apple SE series stop panittu atha tha e series ah launch panirkanga se series la epdi new processor old camera vachi low budget nu sale panuvanga athu pola tha ithuvu,2026-03-27 14:56:49+00:00,0,0.07878787878787878,positive
NZV3sVFec0w,🍎 iPhone 17e - Power Ila da...❌  தவறு ✅🤦‍♂️..... ⭐ TechSuperStar ⭐,67897,3775,104,@JayanthiSivakumar-u2q2h,Nothing 4a review bro,2026-03-27 14:46:57+00:00,0,0.0,neutral
NZV3sVFec0w,🍎 iPhone 17e - Power Ila da...❌  தவறு ✅🤦‍♂️..... ⭐ TechSuperStar ⭐,67897,3775,104,@getearnst,Nothing 4a full review vennnum bro 🙏,2026-03-27 14:17:00+00:00,0,0.35,positive
NZV3sVFec0w,🍎 iPhone 17e - Power Ila da...❌  தவறு ✅🤦‍♂️..... ⭐ TechSuperStar ⭐,67897,3775,104,@M_Petrz_Raj,Secondary phone for 50k to 70k ??broooooóooooóooooó😂😂😂😂😂😂,2026-03-27 12:25:29+00:00,0,-0.3,negative
NZV3sVFec0w,🍎 iPhone 17e - Power Ila da...❌  தவறு ✅🤦‍♂️..... ⭐ TechSuperStar ⭐,67897,3775,104,@knittinglovertamil4547,Bro Poco x8 pro please,2026-03-27 12:22:58+00:00,0,0.0,neutral
NZV3sVFec0w,🍎 iPhone 17e - Power Ila da...❌  தவறு ✅🤦‍♂️..... ⭐ TechSuperStar ⭐,67897,3775,104,@Spiderman77777-a,Poco x8 review,2026-03-27 11:30:12+00:00,1,0.0,neutral
NZV3sVFec0w,🍎 iPhone 17e - Power Ila da...❌  தவறு ✅🤦‍♂️..... ⭐ TechSuperStar ⭐,67897,3775,104,@riyajahmed7690,16 plus 🔥 better than 16,2026-03-27 11:09:05+00:00,0,0.5,positive
NZV3sVFec0w,🍎 iPhone 17e - Power Ila da...❌  தவறு ✅🤦‍♂️..... ⭐ TechSuperStar ⭐,67897,3775,104,@masterspeed5151,Thalaiva vera ragam 🎉🎉🎉🎉🎉🎉,2026-03-27 11:00:16+00:00,0,0.0,neutral
NZV3sVFec0w,🍎 iPhone 17e - Power Ila da...❌  தவறு ✅🤦‍♂️..... ⭐ TechSuperStar ⭐,67897,3775,104,@karunakarankothandaraman5635,Bro One plus nord 6 pathi video poduga please 🙏🏻,2026-03-27 10:46:29+00:00,0,0.0,neutral
NZV3sVFec0w,🍎 iPhone 17e - Power Ila da...❌  தவறு ✅🤦‍♂️..... ⭐ TechSuperStar ⭐,67897,3775,104,@திருடன்6428,❤❤❤❤good,2026-03-27 09:51:28+00:00,0,0.0,neutral
NZV3sVFec0w,🍎 iPhone 17e - Power Ila da...❌  தவறு ✅🤦‍♂️..... ⭐ TechSuperStar ⭐,67897,3775,104,@mrbebin8971,"Bro China network 10G vaainthachu 
India la yaaifpoim vaaruim 😂",2026-03-27 09:47:09+00:00,2,0.0,neutral
NZV3sVFec0w,🍎 iPhone 17e - Power Ila da...❌  தவறு ✅🤦‍♂️..... ⭐ TechSuperStar ⭐,67897,3775,104,@vigneshm1879,Galaxy buds 4pro review bro,2026-03-27 09:37:07+00:00,0,0.0,neutral
NZV3sVFec0w,🍎 iPhone 17e - Power Ila da...❌  தவறு ✅🤦‍♂️..... ⭐ TechSuperStar ⭐,67897,3775,104,@vigneshraj5453,IQOO 15R full review podunga bro,2026-03-27 09:22:10+00:00,0,0.35,positive
NZV3sVFec0w,🍎 iPhone 17e - Power Ila da...❌  தவறு ✅🤦‍♂️..... ⭐ TechSuperStar ⭐,67897,3775,104,@aravv6363,Varathachanai star is back dii😂😂😂😂😂😂😂😂😂😂😂😂,2026-03-27 09:19:15+00:00,0,0.0,neutral
NZV3sVFec0w,🍎 iPhone 17e - Power Ila da...❌  தவறு ✅🤦‍♂️..... ⭐ TechSuperStar ⭐,67897,3775,104,@imperfect512,Ivanungala imnum video podranungala.. nalla subscribers uh yemathittu suthnanunga..,2026-03-27 09:12:34+00:00,6,0.0,neutral
NZV3sVFec0w,🍎 iPhone 17e - Power Ila da...❌  தவறு ✅🤦‍♂️..... ⭐ TechSuperStar ⭐,67897,3775,104,@vimalrajm9369,Nothing 4a series review pls bro,2026-03-27 08:40:45+00:00,0,0.0,neutral
NZV3sVFec0w,🍎 iPhone 17e - Power Ila da...❌  தவறு ✅🤦‍♂️..... ⭐ TechSuperStar ⭐,67897,3775,104,@pavan_K_kotian,"Notch on the display is one of the worst design choices. The world is moving towards under-display cameras, but Apple is still using a large notch. A dot-style notch is at least better.",2026-03-27 08:12:27+00:00,0,-0.1464285714285714,negative
NZV3sVFec0w,🍎 iPhone 17e - Power Ila da...❌  தவறு ✅🤦‍♂️..... ⭐ TechSuperStar ⭐,67897,3775,104,@parthibanu5530,Apo ipo eppavum en support unakku tha,2026-03-27 07:59:27+00:00,0,0.0,neutral
NZV3sVFec0w,🍎 iPhone 17e - Power Ila da...❌  தவறு ✅🤦‍♂️..... ⭐ TechSuperStar ⭐,67897,3775,104,@parthibanu5530,Vaa thalaiya vaa thalaivaa,2026-03-27 07:58:58+00:00,0,0.0,neutral
NZV3sVFec0w,🍎 iPhone 17e - Power Ila da...❌  தவறு ✅🤦‍♂️..... ⭐ TechSuperStar ⭐,67897,3775,104,@kumaranofficial_6598,macbook air advertisement vanthucha 😂,2026-03-27 07:53:37+00:00,1,0.0,neutral
NZV3sVFec0w,🍎 iPhone 17e - Power Ila da...❌  தவறு ✅🤦‍♂️..... ⭐ TechSuperStar ⭐,67897,3775,104,@kumaranofficial_6598,macbook neo advertisement vanthucha 😂,2026-03-27 07:53:07+00:00,2,0.0,neutral
NZV3sVFec0w,🍎 iPhone 17e - Power Ila da...❌  தவறு ✅🤦‍♂️..... ⭐ TechSuperStar ⭐,67897,3775,104,@mohamedhasby499,Anna Realme c51 a review podunga please 🥺,2026-03-27 07:53:00+00:00,2,0.0,neutral
NZV3sVFec0w,🍎 iPhone 17e - Power Ila da...❌  தவறு ✅🤦‍♂️..... ⭐ TechSuperStar ⭐,67897,3775,104,@dharshan_3456,macbook air advertisement vanthucha 😂,2026-03-27 07:52:17+00:00,54,0.0,neutral
NZV3sVFec0w,🍎 iPhone 17e - Power Ila da...❌  தவறு ✅🤦‍♂️..... ⭐ TechSuperStar ⭐,67897,3775,104,@dharshan_3456,macbook neo advertisement vanthucha 😂,2026-03-27 07:51:55+00:00,12,0.0,neutral
NZV3sVFec0w,🍎 iPhone 17e - Power Ila da...❌  தவறு ✅🤦‍♂️..... ⭐ TechSuperStar ⭐,67897,3775,104,@LakshmiraniJayapal,Na first comment,2026-03-27 07:23:42+00:00,0,0.25,positive
NZV3sVFec0w,🍎 iPhone 17e - Power Ila da...❌  தவறு ✅🤦‍♂️..... ⭐ TechSuperStar ⭐,67897,3775,104,@Madabin,varadharchanai is back diii,2026-03-27 07:22:15+00:00,2,0.0,neutral
NZV3sVFec0w,🍎 iPhone 17e - Power Ila da...❌  தவறு ✅🤦‍♂️..... ⭐ TechSuperStar ⭐,67897,3775,104,@V.dineshKarthick-j6t,Pro s26ultra vs iphone 17pro max comparesan video potuga,2026-03-27 07:20:38+00:00,0,0.0,neutral
NZV3sVFec0w,🍎 iPhone 17e - Power Ila da...❌  தவறு ✅🤦‍♂️..... ⭐ TechSuperStar ⭐,67897,3775,104,@ImadBarakathali,Bro a57 and a37 review podunga pls 🙏❤❤❤,2026-03-27 07:14:36+00:00,2,0.0,neutral
NZV3sVFec0w,🍎 iPhone 17e - Power Ila da...❌  தவறு ✅🤦‍♂️..... ⭐ TechSuperStar ⭐,67897,3775,104,@loosepaiyan9996,That 😂😂😂,2026-03-27 07:11:52+00:00,0,0.0,neutral
NZV3sVFec0w,🍎 iPhone 17e - Power Ila da...❌  தவறு ✅🤦‍♂️..... ⭐ TechSuperStar ⭐,67897,3775,104,@Sandyvlog08-vq2ef,Bro neo unboxing,2026-03-27 07:07:22+00:00,0,0.0,neutral
NZV3sVFec0w,🍎 iPhone 17e - Power Ila da...❌  தவறு ✅🤦‍♂️..... ⭐ TechSuperStar ⭐,67897,3775,104,@viswabaik2480,Honor magic' 8 pro air review poduingah,2026-03-27 06:49:28+00:00,0,0.5,positive
NZV3sVFec0w,🍎 iPhone 17e - Power Ila da...❌  தவறு ✅🤦‍♂️..... ⭐ TechSuperStar ⭐,67897,3775,104,@manoj_45_143,Moto edge 70 fusion full review podunga anna,2026-03-27 06:35:46+00:00,1,0.35,positive
NZV3sVFec0w,🍎 iPhone 17e - Power Ila da...❌  தவறு ✅🤦‍♂️..... ⭐ TechSuperStar ⭐,67897,3775,104,@naveens6356,What will you give special for audience after 2 million,2026-03-27 06:33:14+00:00,0,0.35714285714285715,positive
NZV3sVFec0w,🍎 iPhone 17e - Power Ila da...❌  தவறு ✅🤦‍♂️..... ⭐ TechSuperStar ⭐,67897,3775,104,@vetrivel5423,Hi❤🎉,2026-03-27 06:28:46+00:00,0,0.0,neutral
NZV3sVFec0w,🍎 iPhone 17e - Power Ila da...❌  தவறு ✅🤦‍♂️..... ⭐ TechSuperStar ⭐,67897,3775,104,@suriyanarayanan6800,"3.30 ellarum content creator 
Bro theriyum yarunu😂😂",2026-03-27 06:23:30+00:00,1,0.0,neutral
NZV3sVFec0w,🍎 iPhone 17e - Power Ila da...❌  தவறு ✅🤦‍♂️..... ⭐ TechSuperStar ⭐,67897,3775,104,@kratosgaming0205,"Best in review
Worked well in editing

🎉🎉🎉",2026-03-27 06:16:05+00:00,0,1.0,positive
NZV3sVFec0w,🍎 iPhone 17e - Power Ila da...❌  தவறு ✅🤦‍♂️..... ⭐ TechSuperStar ⭐,67897,3775,104,@makkaley2117,Eppa editor avanga 3 perum apple 🍎 17e vachu seyya un panguku tharamana editing la seiya mothathula tharamana sampava video 😅👍,2026-03-27 06:14:03+00:00,28,0.0,neutral
NZV3sVFec0w,🍎 iPhone 17e - Power Ila da...❌  தவறு ✅🤦‍♂️..... ⭐ TechSuperStar ⭐,67897,3775,104,@Raja-cn9xq,TSS outfit📈📈📈📈,2026-03-27 06:10:43+00:00,5,0.0,neutral
NZV3sVFec0w,🍎 iPhone 17e - Power Ila da...❌  தவறு ✅🤦‍♂️..... ⭐ TechSuperStar ⭐,67897,3775,104,@kamalraj1085,Bro vivo v70 konjam podu bro,2026-03-27 06:05:04+00:00,0,0.0,neutral
NZV3sVFec0w,🍎 iPhone 17e - Power Ila da...❌  தவறு ✅🤦‍♂️..... ⭐ TechSuperStar ⭐,67897,3775,104,@Nandha-t5l,🎉🎉🎉🎉🎉,2026-03-27 05:52:52+00:00,0,0.0,neutral
NZV3sVFec0w,🍎 iPhone 17e - Power Ila da...❌  தவறு ✅🤦‍♂️..... ⭐ TechSuperStar ⭐,67897,3775,104,@Sivapriya-ju5on,"00:00​ Intro
00:52​ iPhone 17e Unboxing
01:31​ iPhone 17e Colors
01:45​ iPhone 17e Display
03:02​ iPhone 17e Processor
03:25​ iPhone 17e Storage
03:44​ iPhone 17e Camera
04:10​ iPhone 17e Magsafe
04:46​ iPhone 17e Chip
05:20​ iPhone 17e Other Features
06:00​ Conclusion
************
Timestamp",2026-03-27 05:39:52+00:00,15,-0.125,negative
NZV3sVFec0w,🍎 iPhone 17e - Power Ila da...❌  தவறு ✅🤦‍♂️..... ⭐ TechSuperStar ⭐,67897,3775,104,@BaluBalu-pw4jb,Bro's content day by day 📈 📈,2026-03-27 05:38:50+00:00,0,0.0,neutral
NZV3sVFec0w,🍎 iPhone 17e - Power Ila da...❌  தவறு ✅🤦‍♂️..... ⭐ TechSuperStar ⭐,67897,3775,104,@Tharun-1721,Nothing 4a review podhunga bro..,2026-03-27 05:36:31+00:00,0,0.0,neutral
NZV3sVFec0w,🍎 iPhone 17e - Power Ila da...❌  தவறு ✅🤦‍♂️..... ⭐ TechSuperStar ⭐,67897,3775,104,@maheswaranmani9532,yentha bajar bro  solurenga yentha area bro 70k kadikutha😳,2026-03-27 05:32:08+00:00,0,0.0,neutral
NZV3sVFec0w,🍎 iPhone 17e - Power Ila da...❌  தவறு ✅🤦‍♂️..... ⭐ TechSuperStar ⭐,67897,3775,104,@ANGLINREEJIN,Congratulations road to 2million🎉🎉,2026-03-27 05:27:54+00:00,0,0.0,neutral
NZV3sVFec0w,🍎 iPhone 17e - Power Ila da...❌  தவறு ✅🤦‍♂️..... ⭐ TechSuperStar ⭐,67897,3775,104,@VigneshKumar-ru2bz,Poco X8 pro Video podunga Nanba,2026-03-27 05:27:44+00:00,0,0.0,neutral
NZV3sVFec0w,🍎 iPhone 17e - Power Ila da...❌  தவறு ✅🤦‍♂️..... ⭐ TechSuperStar ⭐,67897,3775,104,@SureshSuresh-kb5ox,Mac book Neo video please 😢,2026-03-27 05:17:19+00:00,0,0.0,neutral
NZV3sVFec0w,🍎 iPhone 17e - Power Ila da...❌  தவறு ✅🤦‍♂️..... ⭐ TechSuperStar ⭐,67897,3775,104,@SIVAKUMAR06-w5w,S26 vs iPhone 17 comparison podunga bro,2026-03-27 05:14:04+00:00,0,0.0,neutral
NZV3sVFec0w,🍎 iPhone 17e - Power Ila da...❌  தவறு ✅🤦‍♂️..... ⭐ TechSuperStar ⭐,67897,3775,104,@LaxmanRamasamy-n4h,2026 best mobile,2026-03-27 05:13:45+00:00,4,1.0,positive
NZV3sVFec0w,🍎 iPhone 17e - Power Ila da...❌  தவறு ✅🤦‍♂️..... ⭐ TechSuperStar ⭐,67897,3775,104,@LaxmanRamasamy-n4h,🔥🔥🔥🔥,2026-03-27 05:12:24+00:00,0,0.0,neutral
NZV3sVFec0w,🍎 iPhone 17e - Power Ila da...❌  தவறு ✅🤦‍♂️..... ⭐ TechSuperStar ⭐,67897,3775,104,@NandakumarKrishna-h5d,Super bro,2026-03-27 05:11:36+00:00,0,0.3333333333333333,positive
NZV3sVFec0w,🍎 iPhone 17e - Power Ila da...❌  தவறு ✅🤦‍♂️..... ⭐ TechSuperStar ⭐,67897,3775,104,@AKD-j8o,3:35 A2D,2026-03-27 05:08:48+00:00,3,0.0,neutral
NZV3sVFec0w,🍎 iPhone 17e - Power Ila da...❌  தவறு ✅🤦‍♂️..... ⭐ TechSuperStar ⭐,67897,3775,104,@dharsh2_0-b9d,❤,2026-03-27 05:06:21+00:00,1,0.0,neutral
NZV3sVFec0w,🍎 iPhone 17e - Power Ila da...❌  தவறு ✅🤦‍♂️..... ⭐ TechSuperStar ⭐,67897,3775,104,@jesussong-g2x,Oppo reno 15 pro mini review podunga pro please,2026-03-27 05:05:50+00:00,3,0.0,neutral
NZV3sVFec0w,🍎 iPhone 17e - Power Ila da...❌  தவறு ✅🤦‍♂️..... ⭐ TechSuperStar ⭐,67897,3775,104,@dineshs7738,"AIIYA ANTHA OPPO FIND X9 REVIEW BRO, NANUM KETTUTE IRUKKAN,",2026-03-27 05:04:56+00:00,1,0.0,neutral
NZV3sVFec0w,🍎 iPhone 17e - Power Ila da...❌  தவறு ✅🤦‍♂️..... ⭐ TechSuperStar ⭐,67897,3775,104,@Vishva-v2b,Supperrr,2026-03-27 05:04:35+00:00,0,0.0,neutral
NZV3sVFec0w,🍎 iPhone 17e - Power Ila da...❌  தவறு ✅🤦‍♂️..... ⭐ TechSuperStar ⭐,67897,3775,104,@dhatch_rider_DRF,Super thala❤,2026-03-27 05:03:54+00:00,0,0.3333333333333333,positive
NZV3sVFec0w,🍎 iPhone 17e - Power Ila da...❌  தவறு ✅🤦‍♂️..... ⭐ TechSuperStar ⭐,67897,3775,104,@NagaRaj-wc1gc,BRO X300 BRO REVIEW,2026-03-27 05:03:14+00:00,0,0.0,neutral
NZV3sVFec0w,🍎 iPhone 17e - Power Ila da...❌  தவறு ✅🤦‍♂️..... ⭐ TechSuperStar ⭐,67897,3775,104,@rkatrocities-0,Va macha va macha,2026-03-27 05:02:40+00:00,0,0.0,neutral
NZV3sVFec0w,🍎 iPhone 17e - Power Ila da...❌  தவறு ✅🤦‍♂️..... ⭐ TechSuperStar ⭐,67897,3775,104,@ayahthi,mass ❤,2026-03-27 05:02:23+00:00,0,0.0,neutral
NZV3sVFec0w,🍎 iPhone 17e - Power Ila da...❌  தவறு ✅🤦‍♂️..... ⭐ TechSuperStar ⭐,67897,3775,104,@nithyasuresh6163,Super Bro ❤❤,2026-03-27 05:01:54+00:00,0,0.3333333333333333,positive
NZV3sVFec0w,🍎 iPhone 17e - Power Ila da...❌  தவறு ✅🤦‍♂️..... ⭐ TechSuperStar ⭐,67897,3775,104,@JeejabaiJeejabai-h1y,First comment pin bro,2026-03-27 05:01:47+00:00,0,0.25,positive
NZV3sVFec0w,🍎 iPhone 17e - Power Ila da...❌  தவறு ✅🤦‍♂️..... ⭐ TechSuperStar ⭐,67897,3775,104,@RaviKumar-wr8oq,Samsung s 26 ultra anna,2026-03-27 05:01:35+00:00,0,0.0,neutral
NZV3sVFec0w,🍎 iPhone 17e - Power Ila da...❌  தவறு ✅🤦‍♂️..... ⭐ TechSuperStar ⭐,67897,3775,104,@SathiyaSathiya-r9n,Oppo a6x 5g review solunga bro please please please please please please please please please please please please please please,2026-03-27 05:01:25+00:00,0,0.0,neutral
NZV3sVFec0w,🍎 iPhone 17e - Power Ila da...❌  தவறு ✅🤦‍♂️..... ⭐ TechSuperStar ⭐,67897,3775,104,@SelvarajSelvaraj-p9p,Super bro 🎉🎉🎉🎉🎉🎉,2026-03-27 05:00:56+00:00,4,0.3333333333333333,positive
NZV3sVFec0w,🍎 iPhone 17e - Power Ila da...❌  தவறு ✅🤦‍♂️..... ⭐ TechSuperStar ⭐,67897,3775,104,@subhavijay1901,1 st comment 1st like 1st view,2026-03-27 05:00:31+00:00,0,0.0,neutral
8Y7Iq9H3t0w,I bought EVERY SINGLE IPHONE. 🤯,56539936,3782302,25426,@MrwhosethebossPlus,"We just hit 10 MILLION subscribers on the main channel! Come celebrate with us!
https://www.youtube.com/watch?v=mxiEI65M9_M&",2022-03-02 17:41:19+00:00,4826,0.26041666666666663,positive
8Y7Iq9H3t0w,I bought EVERY SINGLE IPHONE. 🤯,56539936,3782302,25426,@anirbandasadhikary8467,Where from you bought the 5 or 5s ???,2026-03-29 15:31:52+00:00,0,0.0,neutral
8Y7Iq9H3t0w,I bought EVERY SINGLE IPHONE. 🤯,56539936,3782302,25426,@JacobSantos-f7u,Where’s the SE😢,2026-03-26 23:12:03+00:00,0,0.0,neutral
8Y7Iq9H3t0w,I bought EVERY SINGLE IPHONE. 🤯,56539936,3782302,25426,@LimphoTsupane,please give me one,2026-03-25 15:05:04+00:00,0,0.0,neutral
8Y7Iq9H3t0w,I bought EVERY SINGLE IPHONE. 🤯,56539936,3782302,25426,@MerenjamriaMeren,Bro where is iPhone XR,2026-03-25 03:34:44+00:00,0,0.0,neutral
8Y7Iq9H3t0w,I bought EVERY SINGLE IPHONE. 🤯,56539936,3782302,25426,@Dustinarrrr,uhh wheres SE,2026-03-25 01:35:16+00:00,0,0.0,neutral
8Y7Iq9H3t0w,I bought EVERY SINGLE IPHONE. 🤯,56539936,3782302,25426,@cadhe51,Can you send one for me only one😪,2026-03-24 06:43:06+00:00,0,0.0,neutral
8Y7Iq9H3t0w,I bought EVERY SINGLE IPHONE. 🤯,56539936,3782302,25426,@tommyzoom41,wheres the 5c,2026-03-23 01:05:01+00:00,0,0.0,neutral
8Y7Iq9H3t0w,I bought EVERY SINGLE IPHONE. 🤯,56539936,3782302,25426,@Forza-c7d,But Did he buy every colour?,2026-03-20 21:55:55+00:00,0,0.0,neutral
8Y7Iq9H3t0w,I bought EVERY SINGLE IPHONE. 🤯,56539936,3782302,25426,@HarnoorSinghSachdeva,I love your t shirt man,2026-03-20 07:42:44+00:00,0,0.5,positive
8Y7Iq9H3t0w,I bought EVERY SINGLE IPHONE. 🤯,56539936,3782302,25426,@Bawan_Bawan65,EVERY SINGLE IPHONE EVER,2026-03-19 15:13:39+00:00,0,-0.07142857142857142,negative
8Y7Iq9H3t0w,I bought EVERY SINGLE IPHONE. 🤯,56539936,3782302,25426,@ghostfacefan2023,I swear bro has every phone 💀,2026-03-18 10:02:32+00:00,0,0.0,neutral
8Y7Iq9H3t0w,I bought EVERY SINGLE IPHONE. 🤯,56539936,3782302,25426,@haider-ali-pizzasman_8,If ypu look at the camaras on all of them till 16 models. They have 1 camera 2 then 3 and 2 then 3 agian,2026-03-17 11:07:38+00:00,0,0.0,neutral
8Y7Iq9H3t0w,I bought EVERY SINGLE IPHONE. 🤯,56539936,3782302,25426,@ShivanshSharma2411,"Bro put the iPhone 8 in place of 7 and 7 in place of 8 

Because the iPhone 8 introduced a glass back and u can see in the vid that the iPhone 7 had a glass back",2026-03-16 15:07:38+00:00,0,0.0,neutral
8Y7Iq9H3t0w,I bought EVERY SINGLE IPHONE. 🤯,56539936,3782302,25426,@Devestoz1AE,5c crying in the corner,2026-03-15 09:13:32+00:00,0,-0.2,negative
8Y7Iq9H3t0w,I bought EVERY SINGLE IPHONE. 🤯,56539936,3782302,25426,@Magma9528,No iPhone se,2026-03-14 16:05:23+00:00,0,0.0,neutral
8Y7Iq9H3t0w,I bought EVERY SINGLE IPHONE. 🤯,56539936,3782302,25426,@BhajiMR,What about the 5C,2026-03-12 16:06:44+00:00,0,0.0,neutral
8Y7Iq9H3t0w,I bought EVERY SINGLE IPHONE. 🤯,56539936,3782302,25426,@WhisperzOfSin,Where did the nine goes😂,2026-03-12 13:38:23+00:00,0,0.0,neutral
8Y7Iq9H3t0w,I bought EVERY SINGLE IPHONE. 🤯,56539936,3782302,25426,@Bribrii655,Who’s here in 2026?,2026-03-09 17:54:38+00:00,0,0.0,neutral
8Y7Iq9H3t0w,I bought EVERY SINGLE IPHONE. 🤯,56539936,3782302,25426,@JLVlogs1234,"Who’s here after the iPhone 18 release?
                           👇",2026-03-07 14:52:48+00:00,0,0.0,neutral
8Y7Iq9H3t0w,I bought EVERY SINGLE IPHONE. 🤯,56539936,3782302,25426,@MonikaSingh-nm8ou,yow forgot iphone se,2026-03-07 14:03:57+00:00,0,0.0,neutral
8Y7Iq9H3t0w,I bought EVERY SINGLE IPHONE. 🤯,56539936,3782302,25426,@Alojzy-n4p,Where is iPhone 5c,2026-03-07 13:41:29+00:00,0,0.0,neutral
8Y7Iq9H3t0w,I bought EVERY SINGLE IPHONE. 🤯,56539936,3782302,25426,@tecnological1751,You forgot the iPhone 5c,2026-03-06 14:59:52+00:00,0,0.0,neutral
8Y7Iq9H3t0w,I bought EVERY SINGLE IPHONE. 🤯,56539936,3782302,25426,@ItsBoy-z,Iphone 5C,2026-03-06 11:40:48+00:00,0,0.0,neutral
8Y7Iq9H3t0w,I bought EVERY SINGLE IPHONE. 🤯,56539936,3782302,25426,@CarrickWatts,U have another channel?!😮,2026-03-05 20:01:40+00:00,0,0.0,neutral
8Y7Iq9H3t0w,I bought EVERY SINGLE IPHONE. 🤯,56539936,3782302,25426,@Ollie-f3q8k,What about the iPhone SE 😂 and minis,2026-03-04 20:11:46+00:00,0,0.0,neutral
8Y7Iq9H3t0w,I bought EVERY SINGLE IPHONE. 🤯,56539936,3782302,25426,@OneANDonlyANTHONY,Can I have one I have no phone 😔,2026-03-03 05:24:41+00:00,0,0.0,neutral
8Y7Iq9H3t0w,I bought EVERY SINGLE IPHONE. 🤯,56539936,3782302,25426,@Lacrosse_prodzzzzz,Who’s here after the 18 release,2026-02-26 19:36:44+00:00,0,0.0,neutral
8Y7Iq9H3t0w,I bought EVERY SINGLE IPHONE. 🤯,56539936,3782302,25426,@Ki114z,"Bro forgot the se 1, 2 and 3 gens 😭",2026-02-26 04:15:53+00:00,0,0.0,neutral
8Y7Iq9H3t0w,I bought EVERY SINGLE IPHONE. 🤯,56539936,3782302,25426,@muhammadsaadalam7205,U missed iphone XR,2026-02-25 10:44:12+00:00,0,0.0,neutral
8Y7Iq9H3t0w,I bought EVERY SINGLE IPHONE. 🤯,56539936,3782302,25426,@Thesmarteditz,"Me thinking wheres iphone 14, 15 16 and 17",2026-02-25 09:32:16+00:00,0,0.0,neutral
8Y7Iq9H3t0w,I bought EVERY SINGLE IPHONE. 🤯,56539936,3782302,25426,@discoclub-e1x,bro just skipped the 5c 😭,2026-02-23 18:41:50+00:00,0,0.0,neutral
8Y7Iq9H3t0w,I bought EVERY SINGLE IPHONE. 🤯,56539936,3782302,25426,@Wolfi2597,7 plus? 8 plus? Xr? SE?,2026-02-23 12:40:13+00:00,0,0.0,neutral
8Y7Iq9H3t0w,I bought EVERY SINGLE IPHONE. 🤯,56539936,3782302,25426,@niranjandasc3837,Why this short pop up on 2026,2026-02-18 11:38:06+00:00,0,0.0,neutral
8Y7Iq9H3t0w,I bought EVERY SINGLE IPHONE. 🤯,56539936,3782302,25426,@kevinalbertogarciaespinal-c2t,what about the iPhone XR,2026-02-18 02:07:44+00:00,0,0.0,neutral
8Y7Iq9H3t0w,I bought EVERY SINGLE IPHONE. 🤯,56539936,3782302,25426,@Xx_ShadowSoul,"Now theres 14, 15, 16, 17, 18",2026-02-17 11:43:30+00:00,0,0.0,neutral
8Y7Iq9H3t0w,I bought EVERY SINGLE IPHONE. 🤯,56539936,3782302,25426,@Arham-i8w,"Who is here after the Iphone 18 shape leak 
👇",2026-02-13 14:42:31+00:00,3,0.0,neutral
8Y7Iq9H3t0w,I bought EVERY SINGLE IPHONE. 🤯,56539936,3782302,25426,@aridalzaman,Did you know that the iPhone 6s was 2x faster than the original 6? It was 2x CPU 2x RAM 2x Storage,2026-02-13 12:53:07+00:00,0,0.375,positive
8Y7Iq9H3t0w,I bought EVERY SINGLE IPHONE. 🤯,56539936,3782302,25426,@Forest-w1g,What about the iPhone 5c?,2026-02-12 21:18:58+00:00,0,0.0,neutral
8Y7Iq9H3t0w,I bought EVERY SINGLE IPHONE. 🤯,56539936,3782302,25426,@LED-LIGHT-KING,"Whose here after the iPhone 56927 release
👇",2026-02-11 13:07:39+00:00,0,0.0,neutral
8Y7Iq9H3t0w,I bought EVERY SINGLE IPHONE. 🤯,56539936,3782302,25426,@LincolnSaephan,No 7 plus?,2026-02-10 00:36:05+00:00,0,0.0,neutral
8Y7Iq9H3t0w,I bought EVERY SINGLE IPHONE. 🤯,56539936,3782302,25426,@galibhasan202,Buy all the Samsung phone (not only the s series all of them LIKE LITERALLY),2026-02-09 16:34:25+00:00,1,0.0,neutral
8Y7Iq9H3t0w,I bought EVERY SINGLE IPHONE. 🤯,56539936,3782302,25426,@That_Mace_Guy_XD,Bros made of 💰 🤑 💸 💲 🪙,2026-02-08 17:36:24+00:00,0,0.0,neutral
8Y7Iq9H3t0w,I bought EVERY SINGLE IPHONE. 🤯,56539936,3782302,25426,@Callmekittycat-417we,I have the iphone 11 pro :3,2026-02-06 22:10:52+00:00,0,0.5,positive
8Y7Iq9H3t0w,I bought EVERY SINGLE IPHONE. 🤯,56539936,3782302,25426,@WincentZameczkowski,Why did you skip the 5C?,2026-02-05 21:06:19+00:00,0,0.0,neutral
8Y7Iq9H3t0w,I bought EVERY SINGLE IPHONE. 🤯,56539936,3782302,25426,@Muhammad_Gamers_TV2,You missed one the iPhone 5c,2026-01-29 17:11:05+00:00,0,0.0,neutral
8Y7Iq9H3t0w,I bought EVERY SINGLE IPHONE. 🤯,56539936,3782302,25426,@TheFanOfFans04,The hone 20 is planned to be curved,2026-01-27 20:10:32+00:00,0,0.0,neutral
8Y7Iq9H3t0w,I bought EVERY SINGLE IPHONE. 🤯,56539936,3782302,25426,@WilliamKongmengThao-x5d,Where’s the XR and 5c,2026-01-25 16:14:32+00:00,0,0.0,neutral
8Y7Iq9H3t0w,I bought EVERY SINGLE IPHONE. 🤯,56539936,3782302,25426,@notlos8,Now it's curved again,2026-01-24 06:51:23+00:00,0,0.0,neutral
8Y7Iq9H3t0w,I bought EVERY SINGLE IPHONE. 🤯,56539936,3782302,25426,@alamdar77779,The T-shirt🐶,2026-01-23 04:42:19+00:00,1,0.0,neutral
8Y7Iq9H3t0w,I bought EVERY SINGLE IPHONE. 🤯,56539936,3782302,25426,@KanishkVatsy,1m likes and he buys me a gaming pc,2026-01-22 13:26:21+00:00,0,0.0,neutral
8Y7Iq9H3t0w,I bought EVERY SINGLE IPHONE. 🤯,56539936,3782302,25426,@FARSnl0-p3p,Bro is lucky the iPhone 7 didnt expload on him,2026-01-22 08:23:33+00:00,1,0.3333333333333333,positive
8Y7Iq9H3t0w,I bought EVERY SINGLE IPHONE. 🤯,56539936,3782302,25426,@Miiu10,iphone 8+ gang in replies,2026-01-22 03:24:56+00:00,0,0.0,neutral
8Y7Iq9H3t0w,I bought EVERY SINGLE IPHONE. 🤯,56539936,3782302,25426,@Muhammad-d3m7t,Where is the iPhone 14?,2026-01-22 02:17:29+00:00,1,0.0,neutral
8Y7Iq9H3t0w,I bought EVERY SINGLE IPHONE. 🤯,56539936,3782302,25426,@clipvids_17,Who is here after the iPhone 25 releases,2026-01-21 22:16:07+00:00,1,0.0,neutral
8Y7Iq9H3t0w,I bought EVERY SINGLE IPHONE. 🤯,56539936,3782302,25426,@SamCountry1234,I love you shirt 😮.,2026-01-21 16:50:24+00:00,1,0.5,positive
8Y7Iq9H3t0w,I bought EVERY SINGLE IPHONE. 🤯,56539936,3782302,25426,@AHAKIMI2CR7,What about 5c,2026-01-21 02:07:51+00:00,0,0.0,neutral
8Y7Iq9H3t0w,I bought EVERY SINGLE IPHONE. 🤯,56539936,3782302,25426,@NaomiBenson-c2z,Who’s watching this in 2026 were we have the iPhone 17,2026-01-20 23:26:51+00:00,0,0.0,neutral
8Y7Iq9H3t0w,I bought EVERY SINGLE IPHONE. 🤯,56539936,3782302,25426,@EdmilsonBatista-j7s,🇺🇲english the is,2026-01-20 22:55:28+00:00,0,0.0,neutral
8Y7Iq9H3t0w,I bought EVERY SINGLE IPHONE. 🤯,56539936,3782302,25426,@Warrior_560,I phone 12 😢,2026-01-20 15:17:17+00:00,0,0.0,neutral
8Y7Iq9H3t0w,I bought EVERY SINGLE IPHONE. 🤯,56539936,3782302,25426,@Imransito8,XR?,2026-01-19 17:44:47+00:00,0,0.0,neutral
8Y7Iq9H3t0w,I bought EVERY SINGLE IPHONE. 🤯,56539936,3782302,25426,@Imransito8,5c?,2026-01-19 17:44:34+00:00,0,0.0,neutral
8Y7Iq9H3t0w,I bought EVERY SINGLE IPHONE. 🤯,56539936,3782302,25426,@joshelnar1727,5s underrated with full screen it’s awesome I think,2026-01-19 13:16:37+00:00,0,0.675,positive
8Y7Iq9H3t0w,I bought EVERY SINGLE IPHONE. 🤯,56539936,3782302,25426,@cameronnezbeth8252,i loved the grey 6s and the jet black 7 when they came out,2026-01-19 02:32:15+00:00,0,0.1611111111111111,positive
8Y7Iq9H3t0w,I bought EVERY SINGLE IPHONE. 🤯,56539936,3782302,25426,@thegreatestbaldeagle2999,Forgot the iPhone 4C! I had one,2026-01-19 02:03:42+00:00,0,0.0,neutral
8Y7Iq9H3t0w,I bought EVERY SINGLE IPHONE. 🤯,56539936,3782302,25426,@vishnup.s6634,U missed iphone 5c😌💀,2026-01-18 19:17:11+00:00,0,0.0,neutral
8Y7Iq9H3t0w,I bought EVERY SINGLE IPHONE. 🤯,56539936,3782302,25426,@kuslaboi92,why does he sound like a kid?,2026-01-18 16:05:35+00:00,0,0.4,positive
8Y7Iq9H3t0w,I bought EVERY SINGLE IPHONE. 🤯,56539936,3782302,25426,@ghosted_editzz,Why is no one talking about his shirt 😭,2026-01-18 15:48:43+00:00,0,0.0,neutral
8Y7Iq9H3t0w,I bought EVERY SINGLE IPHONE. 🤯,56539936,3782302,25426,@Aasem4656,The 5/5s and the x are my favorite designs.,2026-01-18 14:51:32+00:00,0,0.5,positive
8Y7Iq9H3t0w,I bought EVERY SINGLE IPHONE. 🤯,56539936,3782302,25426,@AtlantSino-s7e,ITS 2026,2026-01-18 12:27:03+00:00,0,0.0,neutral
8Y7Iq9H3t0w,I bought EVERY SINGLE IPHONE. 🤯,56539936,3782302,25426,@dark14460,Iphone 5c??,2026-01-18 09:56:37+00:00,0,0.0,neutral
8Y7Iq9H3t0w,I bought EVERY SINGLE IPHONE. 🤯,56539936,3782302,25426,@MpilonhleJele-w8p,Can I have one of them plz,2026-01-18 09:22:38+00:00,0,0.0,neutral
8Y7Iq9H3t0w,I bought EVERY SINGLE IPHONE. 🤯,56539936,3782302,25426,@ArifinHossainMahin,Ridiculous scratchy aluminium back 17 worst of iphone history.,2026-01-18 08:25:09+00:00,0,-0.4444444444444444,negative
8Y7Iq9H3t0w,I bought EVERY SINGLE IPHONE. 🤯,56539936,3782302,25426,@sunil_exe,x was the best looking iphone ever made,2026-01-18 03:43:53+00:00,0,1.0,positive
8Y7Iq9H3t0w,I bought EVERY SINGLE IPHONE. 🤯,56539936,3782302,25426,@Garry-g7g,Where tf is SE????,2026-01-17 19:40:37+00:00,1,0.0,neutral
8Y7Iq9H3t0w,I bought EVERY SINGLE IPHONE. 🤯,56539936,3782302,25426,@ronjeybanerjjee9140,I like u very much to be fr but u just have a tshirt on that says : dogezilla . But u forgot it’s actually HARRISZILLA,2026-01-17 19:30:38+00:00,0,0.13,positive
8Y7Iq9H3t0w,I bought EVERY SINGLE IPHONE. 🤯,56539936,3782302,25426,@praveenk6326,Um...  iPhone 17?,2026-01-17 11:37:45+00:00,0,0.0,neutral
8Y7Iq9H3t0w,I bought EVERY SINGLE IPHONE. 🤯,56539936,3782302,25426,@AbdullahAydın-h8m,5c?,2026-01-16 16:08:38+00:00,0,0.0,neutral
8Y7Iq9H3t0w,I bought EVERY SINGLE IPHONE. 🤯,56539936,3782302,25426,@INKOBRN,"Where is 5C, xr and se",2026-01-16 01:28:23+00:00,0,0.0,neutral
8Y7Iq9H3t0w,I bought EVERY SINGLE IPHONE. 🤯,56539936,3782302,25426,@Karol-ph9ci,And the 5C?,2026-01-15 22:06:04+00:00,0,0.0,neutral
8Y7Iq9H3t0w,I bought EVERY SINGLE IPHONE. 🤯,56539936,3782302,25426,@ThatCleanGirl1,It’ll be curved again with the iPhone 20 I bet,2026-01-15 21:36:30+00:00,0,0.0,neutral
8Y7Iq9H3t0w,I bought EVERY SINGLE IPHONE. 🤯,56539936,3782302,25426,@Justin-d9x4q,Why am I getting this on my for u page now😭😭😭,2026-01-14 16:41:00+00:00,1,0.0,neutral
8Y7Iq9H3t0w,I bought EVERY SINGLE IPHONE. 🤯,56539936,3782302,25426,@u052rr,Where the 5c ?,2026-01-12 03:09:52+00:00,0,0.0,neutral
8Y7Iq9H3t0w,I bought EVERY SINGLE IPHONE. 🤯,56539936,3782302,25426,@nintendoswitch-rt1ir,How are you able to afford 13 iPhones,2026-01-11 17:54:43+00:00,0,0.5,positive
8Y7Iq9H3t0w,I bought EVERY SINGLE IPHONE. 🤯,56539936,3782302,25426,@yurdagulilhan7979,"What is the best iphone ever?
👇👇👇",2026-01-11 16:31:08+00:00,0,1.0,positive
8Y7Iq9H3t0w,I bought EVERY SINGLE IPHONE. 🤯,56539936,3782302,25426,@HamzaAK303,What about iPhone XR,2026-01-11 13:55:35+00:00,0,0.0,neutral
8Y7Iq9H3t0w,I bought EVERY SINGLE IPHONE. 🤯,56539936,3782302,25426,@Antek-s7o,W ab 5c,2026-01-10 11:40:17+00:00,0,0.0,neutral
8Y7Iq9H3t0w,I bought EVERY SINGLE IPHONE. 🤯,56539936,3782302,25426,@IliaKristioglo,Very nice tshirt,2026-01-10 07:26:34+00:00,0,0.78,positive
8Y7Iq9H3t0w,I bought EVERY SINGLE IPHONE. 🤯,56539936,3782302,25426,@Samtech-123,No when he showed the iPhone seven was he holding the iPhone eight,2026-01-09 16:58:15+00:00,0,0.0,neutral
8Y7Iq9H3t0w,I bought EVERY SINGLE IPHONE. 🤯,56539936,3782302,25426,@James_E19,We both know that Apple don't care about their customers and want money only,2026-01-08 03:16:23+00:00,0,0.0,neutral
8Y7Iq9H3t0w,I bought EVERY SINGLE IPHONE. 🤯,56539936,3782302,25426,@BernardoOviedo-k8n,Where the hell is the xr bru y'all always forget it,2026-01-06 00:57:39+00:00,0,0.0,neutral
8Y7Iq9H3t0w,I bought EVERY SINGLE IPHONE. 🤯,56539936,3782302,25426,@KastinOpitz,I’m in 2026 we have the iPhone 17,2026-01-05 22:14:31+00:00,0,0.0,neutral
8Y7Iq9H3t0w,I bought EVERY SINGLE IPHONE. 🤯,56539936,3782302,25426,@MOS_6502_CPU,I wonder why they don’t say “every iPhone ever up until now” to clarify this is an older video to some Internet dumbasses who have to point out the ones they missed and not look at the date.,2026-01-05 06:46:58+00:00,0,0.16666666666666666,positive
8Y7Iq9H3t0w,I bought EVERY SINGLE IPHONE. 🤯,56539936,3782302,25426,@SyedShah-u8y,Commenting 3 years later,2026-01-05 04:23:49+00:00,1,0.0,neutral
8Y7Iq9H3t0w,I bought EVERY SINGLE IPHONE. 🤯,56539936,3782302,25426,@Albert.schubert,I predikt in 2026 it going to give iphone 18 fold,2026-01-05 00:20:50+00:00,0,0.0,neutral
8Y7Iq9H3t0w,I bought EVERY SINGLE IPHONE. 🤯,56539936,3782302,25426,@JayJansevanvuuren,Where is the se and the xr,2026-01-04 11:03:03+00:00,0,0.0,neutral
8Y7Iq9H3t0w,I bought EVERY SINGLE IPHONE. 🤯,56539936,3782302,25426,@The212king-k7u,If you’re wondering I have the 11 pro max,2026-01-03 21:43:38+00:00,0,0.0,neutral
8Y7Iq9H3t0w,I bought EVERY SINGLE IPHONE. 🤯,56539936,3782302,25426,@anujrana7707,Gay.,2026-01-03 20:24:43+00:00,0,0.4166666666666667,positive
8Y7Iq9H3t0w,I bought EVERY SINGLE IPHONE. 🤯,56539936,3782302,25426,@SAJ-93,The 3GS is GOATED,2026-01-03 08:25:33+00:00,0,0.0,neutral
2GIouJWh5Wo,iPhone 16 BBD Sale 2026🔥iPhone 16 Big Billion Days 2026 | iPhone 16 Big Billion 2026 |iPhone 16 2026,4753,62,8,@choudhury4581,Tum log jaisa price bolta ho aisa hota kabhi mahi hai😂,2026-03-29 16:30:17+00:00,2,0.0,neutral
2GIouJWh5Wo,iPhone 16 BBD Sale 2026🔥iPhone 16 Big Billion Days 2026 | iPhone 16 Big Billion 2026 |iPhone 16 2026,4753,62,8,@amannawab1227,Kab tak sell milegi,2026-03-29 15:06:01+00:00,0,0.0,neutral
2GIouJWh5Wo,iPhone 16 BBD Sale 2026🔥iPhone 16 Big Billion Days 2026 | iPhone 16 Big Billion 2026 |iPhone 16 2026,4753,62,8,@joyb1d6x,Bhi s 25 ka price kitna hoga,2026-03-29 15:05:51+00:00,0,0.0,neutral
2GIouJWh5Wo,iPhone 16 BBD Sale 2026🔥iPhone 16 Big Billion Days 2026 | iPhone 16 Big Billion 2026 |iPhone 16 2026,4753,62,8,@AjitMoreclassic,One side sounds,2026-03-29 13:15:40+00:00,4,0.0,neutral
2GIouJWh5Wo,iPhone 16 BBD Sale 2026🔥iPhone 16 Big Billion Days 2026 | iPhone 16 Big Billion 2026 |iPhone 16 2026,4753,62,8,@nawaazyt4339,I phone 17 pro?,2026-03-29 09:02:40+00:00,1,0.0,neutral
