video_id,author,text,published_at,like_count
TyOUIdovl-E,@HaylsWorld,So which was your favourite tip or trick??,2026-03-25T16:17:06Z,35
TyOUIdovl-E,@yash_911h,Btw Horizon lock has been there in Motorola Phones for a long time. ❤❤❤,2026-03-26T06:15:41Z,0
TyOUIdovl-E,@JamesXiii,Samsung AI is top tier!,2026-03-26T06:10:30Z,0
TyOUIdovl-E,@Akuma88369,"samsung has Goodluck app for customization, Apple until now has nothing🤣🤣🤣",2026-03-26T06:09:30Z,0
TyOUIdovl-E,@billbassitt,"Amazing tips and tricks video, really one of a kind. More of these please. My phone has started to look more interesting now 🎉",2026-03-26T06:07:42Z,0
TyOUIdovl-E,@msgeen,"Every time a new flagship phone comes out, I always wait and watch for your videos because you make the smartest and neatest tips and tricks that even long-time users will benefit from. Thank you so much!!",2026-03-26T05:55:43Z,1
TyOUIdovl-E,@truthbombs5942,3 million subs... press on nails...,2026-03-26T05:44:43Z,0
TyOUIdovl-E,@epikgamer40,"Thanks for the honest video, it seems very cool!",2026-03-26T05:36:41Z,0
TyOUIdovl-E,@ReggyKnox,Proud to say that i completed the likes to 4k,2026-03-26T05:04:24Z,0
TyOUIdovl-E,@ahmedtraek1291,we need a part 2,2026-03-26T04:57:02Z,0
TyOUIdovl-E,@ryansoda441,"I just Love the part where influencers completely ignore
Media quality compression and camera glitches
 in social media apps like insta and Snapchat on Android.",2026-03-26T04:25:56Z,0
TyOUIdovl-E,@cdsjjav,Oh I love the way she moves her eyebrows!!,2026-03-26T04:12:48Z,0
TyOUIdovl-E,@SwedePotato314,13:07 I have had ths S pen sound effect set to the lightsaber turning on for ages now and it still makes me happy every time lol,2026-03-26T04:07:03Z,0
TyOUIdovl-E,@mr.ghost.2004,Watching in s26 ultra,2026-03-26T03:59:41Z,0
TyOUIdovl-E,@StoneSpear-o1q,"Hello Hayls, can you talk about how we can change the Font , Typeface or Script font of this phone. ? For me it's very important to be able to change that. I don't like the official  Script font of android, specifically for social media. So if you know a trick to change that please tell me even in a little Short video. Thanks...",2026-03-26T03:55:12Z,0
TyOUIdovl-E,@ericrahmadya7515,gokil emang kostumisasinya wkwk,2026-03-26T03:50:34Z,0
TyOUIdovl-E,@danielsebulime9944,Glad this video nis finally here....been waiting for a min,2026-03-26T03:49:29Z,0
TyOUIdovl-E,@aindulgence,Watching on my S26 Ultra....!!! MmmmHmmm...!!!!😊,2026-03-26T03:44:36Z,0
TyOUIdovl-E,@mani4u,*Watching from my s24ultra iam safe from all features coming affter one ui 8.5 Update 🤪🤪🤪*,2026-03-26T03:43:44Z,0
TyOUIdovl-E,@boopedsnoot420,got mine today so excited 🎉🎉,2026-03-26T03:39:55Z,1
TyOUIdovl-E,@retro_pollo,Can you find out how the fuck to turn off google from scanning your screen when you ask it a question by holding the home button?,2026-03-26T03:33:07Z,0
TyOUIdovl-E,@SwedePotato314,I upgraded from my s24 ultra which I LOVED. I mean I absolutely adored my 24 ultra but I was too excited about the new stuff and my battery was running a little crappy. I figured if Im going to have to upgrade before  the s27 comes out I may as well do it nowz its been 2 years. I loved the squared corners and titanium body and chunkier bluetooth s pen and I almost went fold but I need a GREAT camera for work and this phone blows everything else away. I LOVE this phone.,2026-03-26T03:28:16Z,0
TyOUIdovl-E,@Tthtom,I reckon samsung should show this video instead of the stupid unveiling they do every year.,2026-03-26T03:25:51Z,0
TyOUIdovl-E,@stain0269,So did I miss it or did you not go into that perplexity assistant you showed?,2026-03-26T03:09:39Z,0
TyOUIdovl-E,@achettry,❤❤❤,2026-03-26T03:03:41Z,0
TyOUIdovl-E,@AleOnYouTube,15:47 how did she lock apps? I can't find a way,2026-03-26T02:46:00Z,1
TyOUIdovl-E,@yuanfurbax,hear me out. What if all this AI is just a massive surveillance method to watch your screen 24/7 hid behind ''smart'' stuff. and they'll save all your files and in 2029 All Our files will get leakeed,2026-03-26T02:42:12Z,1
TyOUIdovl-E,@satheeshaep,Thank you 26 Ultra useful🎉,2026-03-26T02:36:45Z,0
TyOUIdovl-E,@mickinetsystems,"If it's not tips from Hayls, then I'm not watching. Finally. Thanks",2026-03-26T02:34:53Z,0
TyOUIdovl-E,@heemieheem4963,i was waiting on the best tips andf tricks video! Thanks for the video,2026-03-26T02:27:08Z,0
TyOUIdovl-E,@rajankhangurha8209,Watching on my beautiful S26 ultra,2026-03-26T02:23:20Z,0
TyOUIdovl-E,@BMWMTheUDM,"I love Samsung but with all these new camera features, how are we going to know what's real and what's been AI generated from here on out! As a society we're already stupid",2026-03-26T02:11:56Z,0
TyOUIdovl-E,@chrissmith7502,FANTASTIC INFORMATION!!!!! Thanks for the video!!!!!!,2026-03-26T01:50:09Z,0
TyOUIdovl-E,@AustinGreen-i9n,Been waiting on this!!!!!😂😂😂😂😂,2026-03-26T01:42:54Z,0
TyOUIdovl-E,@TheepbenBalakrishnan,Samsung Rocks,2026-03-26T01:42:38Z,0
TyOUIdovl-E,@bodorkamran125,I loved your sneaky side viewers pop-up 😂😂,2026-03-26T00:51:05Z,0
TyOUIdovl-E,@SammyToz-v6b2n,Just imagine Samsung S27 Ultra next year👌,2026-03-26T00:48:46Z,1
TyOUIdovl-E,@wac55,My finder icon does not stay on only active when swaip for 3 seconds then goes away,2026-03-26T00:34:12Z,0
TyOUIdovl-E,@DESTRIAZ,I’m thinking of switching he from my 17 pro max to the s26 ultra. Its crazy what $1400 get you vs what it gets you on the apple side of things.,2026-03-26T00:21:02Z,0
TyOUIdovl-E,@RG3_01,How's the screen quality on this . Is it as bad as some say (fuzzy and pixelated) or is it an exaggeration. I have the S25U and need a 2nd phone.,2026-03-26T00:16:27Z,0
TyOUIdovl-E,@trailsofenzoenzo225,"Wow, finally, thank you very much ❤",2026-03-26T00:07:01Z,0
TyOUIdovl-E,@mrjub,What does she say at the end? Turtles?,2026-03-26T00:04:24Z,0
TyOUIdovl-E,@sametgunerr,🇹🇷 Türkiye 😊,2026-03-26T00:01:31Z,0
TyOUIdovl-E,@JenniferOsorioOrtiz,Finally the video that I was waiting 🎉🎉🎉🎉🎉for so long I got my s26 Ultra and I was saying I not going to do anything until you post this video,2026-03-25T23:52:44Z,0
TyOUIdovl-E,@davidjackson3221,📱📱📱😁👌🫰,2026-03-25T23:46:59Z,0
TyOUIdovl-E,@chrissyleecomedy9184,omg this video is amazing!,2026-03-25T23:43:35Z,0
TyOUIdovl-E,@widestellar,"as a samsung user, I dont see any special things on IOS 16 its just so so",2026-03-25T23:36:45Z,0
TyOUIdovl-E,@andrecmsiregar,That option to activate ChatGPT talk mode by long pressing the side button is awesome!! Now I can talk to my AI assistant in one press 😄😄😄,2026-03-25T23:29:14Z,0
TyOUIdovl-E,@SPISheste,"Quick thing to add to AI Editing: Like a Pixel, you can tell the phone to ""open x-persons eyes"" if someone has their eyes shut on a group photo",2026-03-25T23:21:26Z,0
TyOUIdovl-E,@lamontgenyard4513,I just got my phone...i love it,2026-03-25T23:09:34Z,0
TyOUIdovl-E,@fazazeesheriffbayo2131,S26 ultra is the best,2026-03-25T23:03:08Z,0
TyOUIdovl-E,@baahclemente8930,Nice video❤,2026-03-25T22:50:14Z,0
TyOUIdovl-E,@Alkylaxe.427,5:17  LOL,2026-03-25T22:48:34Z,1
TyOUIdovl-E,@mr.Sreader,"I think this will be dominant in the market. I bet if iPhone users try it, they will never go back to the i+Phone!😅 But I know most of them are just stuck and won't give it a chance to try.",2026-03-25T22:44:25Z,0
TyOUIdovl-E,@JasonL1202,You didn't mention the quick share now working with Apple's airdrop,2026-03-25T22:36:14Z,0
TyOUIdovl-E,@peecytv6908,I know you wouldn't use this phone after this and I'll be grateful you send it to me,2026-03-25T22:34:41Z,1
TyOUIdovl-E,@EmmaBr80,"I just got my samsung s26 ultra, so thank you for this video! 😍 love it!!!",2026-03-25T22:30:39Z,0
TyOUIdovl-E,@Enragedurso,Awesome features. I wonder if the previous Ultras will get most of them...,2026-03-25T22:24:37Z,0
TyOUIdovl-E,@mostafasengab1508,مراجعة شاملة وجميلة,2026-03-25T22:22:38Z,1
TyOUIdovl-E,@Poemwriter_Angelo,"Thank you so much.
Watching this on my s26 Ultra.
A lot of reviewers discuss the specs of the phone but you actually show how to do it.
These tips and tricks videos really make a difference 🌹",2026-03-25T22:11:08Z,2
TyOUIdovl-E,@darwinponcecano4662,It's expensive phone but actually beautiful. Watching from the Philippines.,2026-03-25T22:04:25Z,0
TyOUIdovl-E,@НикНэим-п5ж,How switch music  with s pen in youtube music?,2026-03-25T22:03:59Z,0
TyOUIdovl-E,@wasyshakurhaz,God I have been waiting a video from you 🎉😭😭😭❤️,2026-03-25T22:03:42Z,0
TyOUIdovl-E,@MrS5430,Very good video and info keep it up can't wait to see more,2026-03-25T21:58:27Z,0
TyOUIdovl-E,@johnjoshuadelacruz1939,I upgraded from S9+ to S26 Ultra 🔥,2026-03-25T21:48:29Z,0
TyOUIdovl-E,@WHO-xj3kd,I prefer iPhone 17 Pro Max 512 Gb.,2026-03-25T21:43:58Z,1
TyOUIdovl-E,@pyaluandpyali,S26 ultra has 8bit display and 17 pro max 10 bit what is best for movies ??,2026-03-25T21:40:52Z,0
TyOUIdovl-E,@Josephfrid885,"Do i have the s26 ultra? No 
Did i  watch to the end? Yes",2026-03-25T21:34:46Z,0
TyOUIdovl-E,@Sohail_Malik12,should i upgrade from s25 ultra?,2026-03-25T21:33:47Z,0
TyOUIdovl-E,@wishterpaul9059,Watching from my s25 ultra i think i will be able to use some of ai features after the update except the privacy mode ❤️👍 Samsung is so ahead!!😮🎉,2026-03-25T21:24:26Z,0
TyOUIdovl-E,@IronGiantJune,I been waiting on ❤❤,2026-03-25T21:22:44Z,0
TyOUIdovl-E,@chelseaperez23,I have my s24 ultra,2026-03-25T21:20:34Z,1
TyOUIdovl-E,@lightstar105-censored,"1:04 DONT NOT CHOSE PERPLEXITY 
USE Bixby. They have a partnership perplexity and Bixby lets you do more on device commands like changing brightness, changing settings, and setting alarms",2026-03-25T21:09:47Z,1
TyOUIdovl-E,@isam20231,"So glad I bought an S26 Ultra, too bad it's black, not cobalt violet tought😢",2026-03-25T20:50:22Z,0
TyOUIdovl-E,@BIGteey900,❤❤❤❤❤More life,2026-03-25T20:49:52Z,0
TyOUIdovl-E,@BIGteey900,I love very you and your personality,2026-03-25T20:49:34Z,0
TyOUIdovl-E,@Mohamadnabil111,We want the wallpaper please,2026-03-25T20:47:58Z,0
TyOUIdovl-E,@Noreaga011,Hayls is legend,2026-03-25T20:46:27Z,0
TyOUIdovl-E,@dariusdeed,"Been salivating for thos video since the launch of the phone, thank you!",2026-03-25T20:32:49Z,0
TyOUIdovl-E,@samodhiambo1252,"I'm convinced now😂😅 I was split between oppo, one plus, nothing and s26.... I'm not thinking past that",2026-03-25T20:31:14Z,0
TyOUIdovl-E,@jewelzmonae931,Watching from my galaxy s26 ultra ❤,2026-03-25T20:10:22Z,0
TyOUIdovl-E,@koketso_dithipe,Reality can be whatever I want.,2026-03-25T20:08:01Z,0
TyOUIdovl-E,@AsifQureshi100,Wait one ui8.5 galaxy S24 ultra samsung software Bad policy,2026-03-25T20:07:48Z,0
TyOUIdovl-E,@derekwiley5585,I cant wait to get this phone..i look forward to all of your tips and tricks video,2026-03-25T19:49:31Z,0
TyOUIdovl-E,@varungautam4435,we seen the quick panel feature in your 8.5 beta video,2026-03-25T19:47:41Z,0
TyOUIdovl-E,@RobertHolness-y7e,You are awsome Thank you again. As soon as i get my new tech i head straight to your page. Good shit,2026-03-25T19:45:22Z,0
TyOUIdovl-E,@dolodeauna,🔥🔥🔥,2026-03-25T19:42:37Z,0
TyOUIdovl-E,@Bitcoin_Gold,this is most exciting to watch than the boring iphony 17,2026-03-25T19:42:09Z,0
TyOUIdovl-E,@imserious2187,Complexity isn’t on mine,2026-03-25T19:38:34Z,0
TyOUIdovl-E,@sdoieqwfjhweoiuhasdo,Hayls 😍,2026-03-25T19:37:00Z,0
TyOUIdovl-E,@DrPhoenix344,Switched today to s26 ultra from ny iPhone 17 pm,2026-03-25T19:35:43Z,0
TyOUIdovl-E,@rockoflove6,Thank you so much for finally uploading this video.,2026-03-25T19:35:36Z,0
TyOUIdovl-E,@jhonnyhernandez5088,Yay🎉 I was waiting for this video!! Thanks Hayls!!!!,2026-03-25T19:31:50Z,0
TyOUIdovl-E,@GeneSavage,"I love your videos so this is an observation on the S26, not you: I don't want headaches, so I'm happily staying with the 25. I just like listening to your voice so I'm watching, lol",2026-03-25T19:30:55Z,0
TyOUIdovl-E,@Mustafa-rahimi16,iPhone or Samsung ?,2026-03-25T19:27:19Z,0
TyOUIdovl-E,@asham218,Watching this from my S26 Ultra that I bought 1 hour ago😂,2026-03-25T19:27:09Z,0
TyOUIdovl-E,@maryangelax07,"My S26 Ultra is being delivered today
.. can't wait 🤗",2026-03-25T19:26:49Z,3
TyOUIdovl-E,@HV55VN,Need time stamps,2026-03-25T19:21:51Z,0
TyOUIdovl-E,@NishasNish,2:57 Wallpaper Link Please?,2026-03-25T19:18:36Z,2
TyOUIdovl-E,@waynejr3308,This video was everything I wanted to see and hear.. thank you I'm getting it and I subscribed to your channel 🙏🏼✨️🔥,2026-03-25T19:17:24Z,0
TyOUIdovl-E,@Knight_2K,FINALLY!! YAY!!!!,2026-03-25T19:16:10Z,0
TyOUIdovl-E,@EyeClue,My s24 ultra after 5 year still best phone,2026-03-25T19:14:25Z,0
TyOUIdovl-E,@TechSight-r6p,Hayls expressions are just 🫰👌❣️,2026-03-25T19:13:35Z,0
TyOUIdovl-E,@AlnuhLLC,😂,2026-03-25T19:11:58Z,0
TyOUIdovl-E,@SteelCumberland,Saving to buy this damn phone,2026-03-25T19:07:38Z,2
TyOUIdovl-E,@djyosnow,Is it just me? The privacy screen. It literally seems like the phone is sideways till the screen blacks out. As in am I the only one who finds this new feature pretty darn useless in real world usage?,2026-03-25T19:02:46Z,0
TyOUIdovl-E,@iskyfly7,It not only removed the finger but it also removed the seal.,2026-03-25T18:56:17Z,0
TyOUIdovl-E,@bisitaaa,Best s26 ultra video. Most of the youtubers content about this device are always the same. Subscribed!,2026-03-25T18:52:29Z,0
TyOUIdovl-E,@thabilemthunzi3874,Watching on my s26 ultra,2026-03-25T18:51:43Z,0
TyOUIdovl-E,@mav.vasilas,How did you download the sword sound?,2026-03-25T18:51:30Z,0
TyOUIdovl-E,@abdallahachbani6631,Hi I hope you re doing is the unlocked usa version of s 26 ultra would you check the enriched calling on phone settings if native video calling enabled I m talking about green video icon not Google meet thank you,2026-03-25T18:47:50Z,0
TyOUIdovl-E,@Danyegyptian,I switched from IPhone 15 pro to the Samsung galaxy S26 Ultra and couldn't be any more impressed by the features,2026-03-25T18:45:44Z,79
TyOUIdovl-E,@huntress44,I'm so obsessed with my phone now because of these customisations,2026-03-25T18:45:12Z,0
TyOUIdovl-E,@theahaddon3249,Hayleeeeeeee 😊 I love my Samsung.,2026-03-25T18:43:54Z,0
TyOUIdovl-E,@RajeshKumar-sf6sz,Kindly give some tips for additional fonts type to Change more stylish without payment,2026-03-25T18:41:54Z,0
TyOUIdovl-E,@jimd1050,"Great job, Kiddo!!! As always, keep up the great work!!! ❤😎",2026-03-25T18:41:09Z,0
TyOUIdovl-E,@nickharding1623,"Great video as always Hayls with so many tips and tricks no one else is ahowing on reviews so thank you,i still on the fence if to buy one to be upgrading from s20 5g  or just wait and see what google does with the pixel 11 pro xl ???? Decisions Decisions Decisions lol.....have your views changed at all with longer time with the phone?",2026-03-25T18:41:06Z,0
TyOUIdovl-E,@elidevera6769,"Watching using s26 ultra ❤ 

People are complaining with those little hardware upgrade yet they forget about the amount of software feature this phone could bring.",2026-03-25T18:37:54Z,9
TyOUIdovl-E,@khayeumayam1437,finally… been waiting for this since i got my S26 ultra 🤗,2026-03-25T18:36:44Z,1
TyOUIdovl-E,@realsimone,"You can always rely on Hayls to go to the rabbit-hole and show you things you have no clue existed and show you their usefulness, kudos! More like turuus–I don't know the spelling though 😅",2026-03-25T18:35:56Z,2
TyOUIdovl-E,@carltontylor9372,Nah i think I will stick with my s25 ultra for now,2026-03-25T18:32:54Z,0
TyOUIdovl-E,@bankhead1,"And youre Apple bias whoo hoo

Sakitek for the trues!",2026-03-25T18:22:50Z,0
TyOUIdovl-E,@Max86421,🤔 Cool!,2026-03-25T18:22:25Z,0
TyOUIdovl-E,@Abdos23,Where are you're insane wallpapers 😢,2026-03-25T18:19:22Z,1
TyOUIdovl-E,@KristianoTamang,Please giveaway any phone😭,2026-03-25T18:15:38Z,0
TyOUIdovl-E,@Techier868,Absolutely my FAVORITE tipster!!!,2026-03-25T18:15:17Z,0
TyOUIdovl-E,@s26ultraskyblue026,Thank you so much! I got my s26 ultra 2 weeks ago and these features made it even better,2026-03-25T18:14:35Z,0
TyOUIdovl-E,@sillyscribbless,Only If i could afford it😭😭,2026-03-25T18:13:43Z,0
TyOUIdovl-E,@cwaddell88,I've also used Good Lock with the One Handed Operation to turn the privacy screen on and off by swiping on the left side of the screen. Nice and quick and can use the power button as normal.,2026-03-25T18:13:14Z,0
TyOUIdovl-E,@petecapella1147,That's what I like about the S26. The privacy screen.,2026-03-25T18:10:51Z,1
TyOUIdovl-E,@mo7aa387,Love youu,2026-03-25T18:06:35Z,0
TyOUIdovl-E,@Elie_Jack,This phone is the meaning of Everything,2026-03-25T18:03:56Z,2
TyOUIdovl-E,@Bardock07,THE BAM !!  HERE ARE SOME NEW TIPS AND TRICKS FROM HAILS !! SUPER NIFTY 😃 !! SUPER COOL 😃,2026-03-25T17:58:54Z,0
TyOUIdovl-E,@bawandqashany,Wow ❤🎉❤,2026-03-25T17:57:05Z,0
TyOUIdovl-E,@ramos415832,"Also I found out when you go to quick share, then about quick share tap on the version then it should come to a hidden settings menu with the password. The password is your current time your phone shows. I haven't messed with the options kinda scared but you can play around with it and make a video to show us if these are worth changing. Great video !!!",2026-03-25T17:55:52Z,2
TyOUIdovl-E,@peloyane7724,Watching from Botswana 🇧🇼 🫶🏾🫶🏾,2026-03-25T17:54:38Z,0
TyOUIdovl-E,@Peterstarzynskitech,I love the new generative AI features in the gallery app,2026-03-25T17:52:41Z,0
TyOUIdovl-E,@Ashu-f9r4b,I am eagerly waiting your this  video from last one week n finally u made this...reallyyy you are awesome your way of informing each n every fantastic tricks is very very awesome....👍👍...,2026-03-25T17:46:35Z,0
TyOUIdovl-E,@SteveNeo,it's the one and only 🙂,2026-03-25T17:46:10Z,0
TyOUIdovl-E,@anmolheart2690,✅️,2026-03-25T17:43:43Z,0
TyOUIdovl-E,@FaridHossain-x7v,Hayls please reply i am your big fan please 😢😢,2026-03-25T17:43:29Z,0
TyOUIdovl-E,@michaelbryant3054,"I did not see Perplexity when I followed your instructions. I am using the S26 Ultra, but I am not sure if there has been a software update.",2026-03-25T17:43:20Z,0
TyOUIdovl-E,@AzmathBegum-c4p,Uhh what did u say??? 1:25 💀💀💀💀☠️☠️,2026-03-25T17:41:49Z,1
TyOUIdovl-E,@davymatiko3435,the animations aree stupid slick,2026-03-25T17:41:37Z,0
TyOUIdovl-E,@mjesticbeats7097,What if i dont want that finder on my home screen? I dont see the toggle button on the home settings,2026-03-25T17:40:46Z,0
TyOUIdovl-E,@Isheep-s9z,The best trick is staying with the S24/25 Ultra..,2026-03-25T17:40:39Z,0
TyOUIdovl-E,@basscheng9989,Thanks so much,2026-03-25T17:40:33Z,0
TyOUIdovl-E,@atomgameraga,Wallpaper??,2026-03-25T17:30:48Z,0
TyOUIdovl-E,@mohannadismail8785,As usual you are the best,2026-03-25T17:28:52Z,0
TyOUIdovl-E,@Hasnainkhan-v4i4n,The keyboard one was really good,2026-03-25T17:28:15Z,0
TyOUIdovl-E,@EuroGoalFootbal,after watching this video I decided to quit Apple after 15 years.. Thank you for the best video👍😍😍,2026-03-25T17:20:36Z,0
TyOUIdovl-E,@rezhwanx,"THANK YOU, you're the best🔥🔥",2026-03-25T17:20:23Z,0
TyOUIdovl-E,@darshanrm5777,Does the phone heats up during fast charging,2026-03-25T17:19:40Z,0
TyOUIdovl-E,@mutebenadomi4526,"The Keys cafe is working on my phone, but once I set the borders in the letters, they all don't work. Does anyone have an idea on how to solve that",2026-03-25T17:15:43Z,0
TyOUIdovl-E,@ALF995,Thank You very much!,2026-03-25T17:13:28Z,0
TyOUIdovl-E,@Iamcovels,Among the 5 million people waiting for this video😂❤,2026-03-25T17:11:52Z,0
TyOUIdovl-E,@shivanshshivi811,Just bought this,2026-03-25T17:09:43Z,0
TyOUIdovl-E,@CoffeeNCruising,Now that you've posted... It's gonna be a good day 🎉! Thank you!! I love my S26U and this makes it even better! Can we get a Part 2! 🎉,2026-03-25T17:09:23Z,0
TyOUIdovl-E,@Allergic2Nonsense,Watching this on the s26U this is so dope🤌🏾,2026-03-25T17:09:16Z,0
TyOUIdovl-E,@sharathbaru2893,Great info's from you 'H'Loved it from India 🇮🇳,2026-03-25T17:09:05Z,0
TyOUIdovl-E,@naveedqureshi1039,"Mam

You are simply Awesome in tech tubing.

So nice reviews ❤🎉",2026-03-25T17:06:30Z,0
TyOUIdovl-E,@jonshadow4052,No perplexity on my phone,2026-03-25T17:05:40Z,0
TyOUIdovl-E,@mohammedjassim6944,nice ,2026-03-25T16:59:54Z,0
TyOUIdovl-E,@OnyiBernard,600likes,2026-03-25T16:59:22Z,0
TyOUIdovl-E,@Ivanfireefc2,Just got my s26 ultra,2026-03-25T16:57:23Z,0
TyOUIdovl-E,@RajveerSingh-kc3gg,There are numerous factors preventing me from transitioning to an alternative brand of mobile phone.,2026-03-25T16:53:00Z,0
TyOUIdovl-E,@rajkhanra8341,Waiting for this!!!!,2026-03-25T16:50:48Z,0
TyOUIdovl-E,@SLEXFF6,Watching from nepal,2026-03-25T16:49:32Z,0
TyOUIdovl-E,@AceOfficial_YT,been waiting for this one,2026-03-25T16:49:22Z,1
TyOUIdovl-E,@mutebenadomi4526,It's about time let's go crazy..........,2026-03-25T16:48:30Z,0
TyOUIdovl-E,@BeCKy-Ps,Most awaited onee❤❤,2026-03-25T16:47:43Z,39
TyOUIdovl-E,@meikahbraham727,Why am I not seeing the perplexity option on my phone 😢,2026-03-25T16:46:39Z,0
TyOUIdovl-E,@harrasali128,Is it worth upgrading from an S24/25 to get the 26,2026-03-25T16:46:14Z,0
TyOUIdovl-E,@ALIAMAN-u2k,I lve you ever hayls ❤❤❤🎉🎉🎉🎉🎉🎉🎉🎉🎉 keep it up ❤❤❤❤❤❤❤,2026-03-25T16:44:57Z,0
TyOUIdovl-E,@dwildstar23,"Sorry, meant samsung",2026-03-25T16:44:17Z,0
TyOUIdovl-E,@fakedazzleful,I've been waiting for this video since i got my ultra march 11,2026-03-25T16:43:59Z,0
TyOUIdovl-E,@dwildstar23,Will damsung be having  an update  to bring all these tricks  to like the s25ultra,2026-03-25T16:43:23Z,0
TyOUIdovl-E,@Unimpo-r5n,7:54 😂😂😂😂😂😂😂,2026-03-25T16:40:46Z,0
TyOUIdovl-E,@meekahbraham2078,Finally!!!,2026-03-25T16:40:23Z,0
TyOUIdovl-E,@RajveerSingh-kc3gg,"Love from India 🇮🇳, and I love your non-biased review.",2026-03-25T16:40:09Z,7
TyOUIdovl-E,@shubhamthakur4236,iPhone 18 pro Max🫣,2026-03-25T16:40:08Z,0
TyOUIdovl-E,@mohammedalkhatib9994,Can you please make a video about Oppo find x9 pro pls,2026-03-25T16:39:09Z,0
TyOUIdovl-E,@DosThe2nd,❤❤❤,2026-03-25T16:33:09Z,0
TyOUIdovl-E,@katzcassim,"Finally! I was waiting for you to post this. Thanks, Hayls, for sharing such an awesome video! 👍 😎 👌 😍 🔥",2026-03-25T16:33:05Z,0
TyOUIdovl-E,@aviserrano7676,It didn't show perplexity on my phone 😔,2026-03-25T16:32:01Z,0
TyOUIdovl-E,@namcojr,"This phone is unreal. So damn happy with it, miles ahead anything on the market right now.",2026-03-25T16:29:49Z,33
TyOUIdovl-E,@BabyHunnids,if this get's 1k likes @Hayls has to get me a Samsug S26 ultra,2026-03-25T16:27:30Z,0
TyOUIdovl-E,@capt.philllips,Watching on s26U 😂,2026-03-25T16:27:25Z,0
TyOUIdovl-E,@SaadAbdullah-h6k,"I'm a Samsung guy, using my s22 ultra almost 3 years, I didn't even know i could do so much with a Samsung Phone, worth upgrading to s26 ultra. 
BTW thanks for the video as always, keep it up🎉❤",2026-03-25T16:26:43Z,6
TyOUIdovl-E,@iSwedishViirus,It's here!!,2026-03-25T16:22:34Z,0
TyOUIdovl-E,@NickilyNoob,do you reply to every early comment??,2026-03-25T16:20:53Z,0
TyOUIdovl-E,@TCL-l7z,Your videos are so relaxing and helpfull thx u!!!🤩🤩,2026-03-25T16:20:49Z,7
TyOUIdovl-E,@CrAzYY-Peanut,The best phone channel ever!,2026-03-25T16:20:12Z,0
TyOUIdovl-E,@MutazAnani,"Finally, now I can unbox mine 🎉",2026-03-25T16:20:04Z,12
TyOUIdovl-E,@HaylsWorld,So which was your favourite tip or trick??,2026-03-25T16:17:06Z,35
TyOUIdovl-E,@Poubarlenvydelingum,Holle see no no no 😭😭😭😭😭,2026-03-25T16:16:32Z,0
TyOUIdovl-E,@omaraWahsh99,"Got my s26 Ultra today 
Lucky me ✨️",2026-03-25T16:16:11Z,12
TyOUIdovl-E,@GiladErulkar,"Well-made like all your videos 😁 
Can you please make a video about what’s new in iOS 26.4",2026-03-25T16:16:05Z,2
TyOUIdovl-E,@ZaheerYounisUK,"Whoop whoop it's the one and only H, let's goo!",2026-03-25T16:13:45Z,8
TyOUIdovl-E,@ClassicMan-OL,She has a collection of phones😂😂,2026-03-25T16:13:36Z,0
TyOUIdovl-E,@ysypbro6042,"Watching this video on the s26 ultra, so happy with my purchase",2026-03-25T16:12:38Z,31
TyOUIdovl-E,@okgoblox,hayls is no 1 tips tricks on englandie,2026-03-25T16:10:46Z,10
TyOUIdovl-E,@negatywny.2005,"I spoke with the guy who is a technician. If samsung persists using this 200 megapixel matrix, YOU will almost never get a good quality photos. This is just a pure sh&tty marketing !!! 200 megapixels on a small matrix !!!! No way such small pixels will get enough ""data"" from the real world. This is a crap. That is why : text, objects in movement, etc ARE and WILL BE blurred !!! Look at apple or sony. 12 megapixels. 48 megapixels. HOW MANY megapixels do professional cameras have? CHECK !!! Photos from 26Ultra are a pure crap !!! Forget about sharpness.",2026-03-25T16:09:11Z,0
TyOUIdovl-E,@R3iko_7,Finally,2026-03-25T16:08:23Z,0
TyOUIdovl-E,@rk-1989,"Yay, today got an update in India for my S26U which gives Airdrop support. Tried sending and receiving using my secondary phone iPhone Air.",2026-03-25T16:06:47Z,1
TyOUIdovl-E,@shina0007,The most awaited video 🎉,2026-03-25T16:06:31Z,2
TyOUIdovl-E,@AshikKhan-o7f3w,I am a Bangladeshi and I love you very much. I hope you watch the video on mobile.❤❤,2026-03-25T16:06:09Z,2
TyOUIdovl-E,@xfxrxmxt1981,"Praise  Allah, I pray England will become an Arab nation soon and sharia law enforced. Thanks for the tips that phone is very cool,",2026-03-25T16:05:59Z,0
TyOUIdovl-E,@TechmystrySolved,Ok Love you all,2026-03-25T16:05:46Z,0
TyOUIdovl-E,@lucid6518,I'm getting the s26 ultra this week so this video is much appreciated,2026-03-25T16:05:23Z,8
TyOUIdovl-E,@AshikKhan-o7f3w,I love you ❤️,2026-03-25T16:05:16Z,1
TyOUIdovl-E,@edwinchikonde5923,Definitely buying it now 🙌🔥 this is high quality content btw,2026-03-25T16:04:59Z,10
TyOUIdovl-E,@Fog1989,THANK YOU!!!,2026-03-25T16:04:51Z,2
TyOUIdovl-E,@YoSqueezee,im watching with my s25 ultra ❤,2026-03-25T16:04:40Z,1
TyOUIdovl-E,@muideenolayinka1973,Finally❤❤,2026-03-25T16:04:31Z,0
TyOUIdovl-E,@mindisekhon1829,I have been waiting for this video since i purchased s 26 Ultra,2026-03-25T16:04:11Z,6
TyOUIdovl-E,@Scan4ness69,6th,2026-03-25T16:04:06Z,0
TyOUIdovl-E,@fodmj_clari,Watching from kenya 🇰🇪 and hayls u are the best and God continue giving you strength,2026-03-25T16:03:53Z,13
TyOUIdovl-E,@Mr.RThapa,Big fan from Nepal 🇳🇵🇳🇵🇳🇵❤❤,2026-03-25T16:03:47Z,2
TyOUIdovl-E,@NrRaSeL-x9i,❤,2026-03-25T16:03:43Z,0
TyOUIdovl-E,@florimetaj1673,Is fun editing available on s24 base?,2026-03-25T16:03:38Z,0
TyOUIdovl-E,@elijaholaleye,I minute 🎉🎉🎉🎉,2026-03-25T16:03:22Z,1
TyOUIdovl-E,@CristianRebeja,4th how could yt,2026-03-25T16:03:07Z,0
TyOUIdovl-E,@Adnan-g6x8x,Hell yh,2026-03-25T16:02:44Z,0
TyOUIdovl-E,@harsha5938,Most awaited onee❤❤,2026-03-25T16:02:38Z,29
TyOUIdovl-E,@ShiBily.-I0_0I-.,Im here early,2026-03-25T16:02:29Z,2
TyOUIdovl-E,@aabidkarimkhan1873,3rd,2026-03-25T16:02:24Z,0
TyOUIdovl-E,@eyllwh6,first ig,2026-03-25T16:01:49Z,1
TyOUIdovl-E,@DarieDee,First view. Interesting,2026-03-25T16:01:46Z,2
VOIHU7bJx5A,@versus_com,Which one are you picking and why? 🤔 Drop your choice below!,2026-03-20T14:37:27Z,18
VOIHU7bJx5A,@sraavananand2242,Why won't you talk about tge launch offer where you get double storage for free 😢😢😢,2026-03-26T03:50:35Z,0
VOIHU7bJx5A,@living2day617,"I love my Samsung 23 Ultra.  I love my Apple MacBook Pro and EarPods Pro 3.  I decided to get the IPhone 17 to work with my EarPods Pro 3.   Honestly, I hate the IPhone.  I am only keeping it because of the hearing options with the EarPods and I plan to get I-Watch 18 when it comes out for the health monitor options.  I love Samsungs Keyboard as it is the same as a typewriter. I do not like I-Phone's keyboard because of constant switching from letters to another screen for numbers and symbols.  I like the larger screen and camera on the Samsung. If Samsung made great Earpods and I-watch like Apple, I would have bought the new Samsung Ultra 26 instead.",2026-03-26T03:26:31Z,0
VOIHU7bJx5A,@bhavjeetsingh6356,Iphone 17 is Beast 👌🏻,2026-03-25T14:35:59Z,0
VOIHU7bJx5A,@saklain.evergreen,Need your favor,2026-03-25T11:55:53Z,0
VOIHU7bJx5A,@kmo6708,"Does anyone even bother looking which phone to get now? Everyone I know and myself just get latest model of whatever model they prefer. I’ve stuck with iPhone from 2015 having 4 since then s6, XR, 15 and now 17. My partner has Samsung s25 and has always had Samsung galaxy. 

I remember before touch screens came out there were loads of different makes to choose between and they would do loads more every year. Now it’s just bit better camera or video of faster speed all stuff you hardly notice.",2026-03-25T09:56:08Z,0
VOIHU7bJx5A,@ClaudioCosta-jr1yj,"Is it possible to download the wallpapers you used?
Grazie 🙏🏻",2026-03-24T21:58:36Z,0
VOIHU7bJx5A,@julianari8768,3:30 it's Canon - KNOCKED OUT,2026-03-24T20:21:54Z,0
VOIHU7bJx5A,@jokivaltsunen1492,wow the iPhone has a great resolution!,2026-03-24T14:09:01Z,0
VOIHU7bJx5A,@vladimirenev1847,I was wondering which of these to get. I went with the iPhone because it seemed like better value and my friends with iPhones seem to use them forever while my experience with android is that after a couple of years the phones get sluggish and they freeze a lot. So far I’m happy with the iPhone though the lack of a back button or gesture and the lack of good keyboard options are pain points. I hope I get used to it because my intention was to use it for 6+ years.,2026-03-24T13:36:38Z,0
VOIHU7bJx5A,@_observado,"Okay Google is like useless sometimes..
Samsung surprised me bc of Exynos this time, thought it would be slower
iPhone is a very good contender as usual",2026-03-24T13:09:37Z,0
VOIHU7bJx5A,@SonnyTheCats,"All in all, iPhone 17 looks better.",2026-03-24T12:41:42Z,0
VOIHU7bJx5A,@beomgyuuuu1911,Whoa! that Galaxy was the Exynos one?! That is hella impressive!,2026-03-24T11:48:50Z,0
VOIHU7bJx5A,@drmsiddhartha,"Why 7yrs of Samsung Ended Here. Pixel 9a isn't just about a new gadget; A change in how you work 
https://youtu.be/3FOf5HCI00E",2026-03-24T10:53:23Z,0
VOIHU7bJx5A,@mccarthybrampah7203,I came across one of your video sometime back and I have never looked back. Great channel,2026-03-24T10:33:22Z,0
VOIHU7bJx5A,@sansszoglan6725,King of 2026 Phone only iPhone 17 ☠️,2026-03-24T02:58:19Z,0
VOIHU7bJx5A,@rstein926,"I have both an iPhone 13 Pro & Pixel 8 pro & despite the fact both are getting on especially the 13 pro both still work reasonably well.

However I prefer my Pixel as it has more punchier colours, a better camera especially telephoto, it is better for watching movies & TV shows & a punch hole over a notch.

My iPhone is obviously more compact & admittedly a clearer interface.

But you could argue I have two 'iphones' as Pixel unlike the third party brands i.e Samsung, Xiaomi, Motorola etc is created only & run only by Google explaining why Pixels are seen as the 'iphone of the Android world' as well as it's regular software updates which the Pixel 8 pro will get until 2030.

I like my iPhone 13 pro but I still prefer Pixel 8 pro for general use.",2026-03-23T22:48:37Z,0
VOIHU7bJx5A,@LucasFranco-q6i,"I’d get the iPhone 17, although the Samsung is also good",2026-03-23T21:15:06Z,0
VOIHU7bJx5A,@SummerP2120,"Help me decide guys:

Base Pixel 10 for $300 or
Base S26 for $500 or
Base iPhone 17 for $830

Which one should I pick?",2026-03-23T20:42:07Z,0
VOIHU7bJx5A,@ORGxhunter,Redmagic 11😅,2026-03-23T19:22:59Z,0
VOIHU7bJx5A,@BogaMaga-j8e,Greedy lalchi fixel company,2026-03-23T18:10:01Z,0
VOIHU7bJx5A,@BogaMaga-j8e,Pixel just Fucked up,2026-03-23T18:08:26Z,0
VOIHU7bJx5A,@Random_Guy_Is_Me,"You gotta mention, that if you take a 50 megapixel shot on the S26, AI modification will make it 1024p",2026-03-23T17:49:38Z,0
VOIHU7bJx5A,@OneBrokeBloke,"""And the award for most incremental and lazy upgrade goes to... Samsung! They are really on a roll Tom, winning this for the 4th year in a row. Nothing can stop them at this point""",2026-03-23T16:42:00Z,0
VOIHU7bJx5A,@marveloustouch185,"Debating between the iPhone 17 & S26 , Anybody have both? And if so, which do you recommend? 

Currently have the iPhone 14 Pro and 16 Pro Max. But will be using it as a business phone not a personal phone. 

Thanks in advance.",2026-03-23T15:31:39Z,0
VOIHU7bJx5A,@mdashekerabbi8308,"the audio of samsung s26 is odd , maybe recording issue when she says all are great...",2026-03-23T15:25:28Z,0
VOIHU7bJx5A,@dantefitipaldi1011,great review! thank you!,2026-03-23T14:39:45Z,0
VOIHU7bJx5A,@adedamolaogunlana4412,really nothing is new again with this phones. we just keep on upgrading and upgrading and upgrading till when. next year 2027 models will come out.,2026-03-23T14:28:36Z,0
VOIHU7bJx5A,@curl3v252,None of them as long as Xiaomi 17 exists.,2026-03-23T14:11:01Z,0
VOIHU7bJx5A,@bandek4297,"iPhone all the way. S26 is more expensive, and pixel is massively overpriced...It's a nobrainer",2026-03-23T09:02:13Z,1
VOIHU7bJx5A,@YeagerFolk,"So the iPhone won battery test despite having the smallest battery capacity by far 
And yet the comments are full of ignorant, cornball Android and Windows shills

iPhones consistently mugging every other garbage android out there being the most efficient and coolest by far

The Android OEMs could charge 3000 dollars and they would still end up producing junk compared to the base iPhone",2026-03-23T08:22:00Z,0
VOIHU7bJx5A,@TechniCAT_Ecstasy_15,"No one of these pure pieces of shit... tiny batteries and low quality cameras...  the same of the last 3/4 years...
Buy Xiaomi, Honor, Oppo and from phone manufacturers that really improved their products year by year and not from marketing companies like Apple, Samsung or even Google! 
These are thousand dollars phones... not low budget... 
We must want at least 6.000 mAh, Great cameras and eyes care display ! But no becose it's just fucking marketing and status",2026-03-23T07:50:36Z,0
VOIHU7bJx5A,@0616-n-m-a,"Why base xiaomi 17 is not here, is beyond me.",2026-03-23T07:34:02Z,0
VOIHU7bJx5A,@KalKareSoKalKar,"Google Pixels and Samsung Galaxy phones both facing green line issue after update. With the company giving free replacement only till 3 yrs after purchase, do you still feel they are worth this comparison? 
My Pixel 7 Pro and Galaxy S23 were good for another 2-3 years but the company refuses to fix it for free. Is 3 yrs of usage is what have we been reduced to by these manufacturers now ??",2026-03-23T06:48:21Z,0
VOIHU7bJx5A,@iteeruzz2006,"Apple takes the camera/videos
Audio is also obvious (reacher bass and tweeters)
Battery even when having the smallest battery 
OS support 50/50 but i will learn more to iOS just because they've been doing that for over a decade and they just released an update for the iphone 5s in 2026 ,,,,thats wild",2026-03-23T06:33:43Z,0
VOIHU7bJx5A,@Robby3296,Google should at least switch to exynos.,2026-03-23T01:24:14Z,0
VOIHU7bJx5A,@ДимитърДимитров-х3б,базовия s26 е много скъп тази година. Предишния сега струва около 650 евро,2026-03-22T22:08:34Z,0
VOIHU7bJx5A,@rwtindall,"All three are great phones, BUT the iPhone 17, in everyday life, is THE best of the Three.",2026-03-22T20:48:39Z,30
VOIHU7bJx5A,@tibetarslan498,"In my country, the S26 costs 1300 euros, while the iPhone 17 costs 1500 euros. The S26 comes with an Exynos processor. Which one should I buy?",2026-03-22T19:34:17Z,0
VOIHU7bJx5A,@slorider2157,Best decision is to skip all three,2026-03-22T18:56:23Z,0
VOIHU7bJx5A,@YG_Dungeon_Tour_Guide,We miss xiaomi 17 😢,2026-03-22T18:53:13Z,0
VOIHU7bJx5A,@KenStar-l1y,Anit no body listening to that crap,2026-03-22T18:25:43Z,0
VOIHU7bJx5A,@notsrilanka,the real iphone benefit is the big name apps experience. bugs get fixed quicker and large updates with new features almost always come first and work better on ios.,2026-03-22T18:12:07Z,8
VOIHU7bJx5A,@Sandy_12_7,I am subscribing for you love,2026-03-22T17:24:54Z,1
VOIHU7bJx5A,@_its._gaurav._,the stats won't be the same after 3 yrs,2026-03-22T17:24:07Z,0
VOIHU7bJx5A,@thesalmannizar,"Samaung fan here. Usually, it's S>iPhone>Pixel when it comes to base phones, but Apple has clearly stepped up the game with iPhone 17, so now either it's a tie or iPhone even better choice than S26. Pixel remains third choice",2026-03-22T16:57:00Z,2
VOIHU7bJx5A,@sinanmamed,Xiaomi 17 is needed instead of Pixel here,2026-03-22T16:42:25Z,0
VOIHU7bJx5A,@MarcRodrigues77,what justifies buying the pixel? 💀,2026-03-22T16:13:36Z,0
VOIHU7bJx5A,@かんざきみおこ,"Guys, you really very often underestimate Pixels Tensor chip. Yes, I’m not saying that it’s as good as chips in iPhone or Samsung for the same price. But, the thing is, that phone chips right now is a real overkill in terms of performance. I still use my iPhone 7, it’s came out in 2016 and besides battery life and that apple stoped sending iOS updates- I feel completely fine using 10 years old phone. I even play on it. So, yes, Pixel is weaker compared to this phones, but it doesn’t mean that it wouldn’t be enough for 5 or more years for like a 95% of users.",2026-03-22T15:49:04Z,0
VOIHU7bJx5A,@enzymatic1,"Other brands are starting to catch up to the Pixel on AI features and software.. Google can no longer sell their slow charging and underpowered phones on the idea of being ""the best for AI"". So they're going to have to do something else. Like 80% of users can't even make use of most of the AI features pixel phones have anyways, so it makes little sense to purchase one at full price unless you're a Google fanboy or something or really like their camera processing (or if it's heavily discounted).",2026-03-22T14:51:05Z,2
VOIHU7bJx5A,@heinbikeskurf,Watching with my Iphone 17,2026-03-22T13:48:16Z,1
VOIHU7bJx5A,@SantoshSharma-ed6zh,Subscribed 😊,2026-03-22T13:39:13Z,0
VOIHU7bJx5A,@TheAlgorithmMM,"Lobe from Tezpur,Assam,India 😊❤",2026-03-22T13:37:30Z,1
VOIHU7bJx5A,@KamalArowora,Waitng fot macbook neo video,2026-03-22T13:30:12Z,0
VOIHU7bJx5A,@aeedits4083,add oneplus 15 as well here.,2026-03-22T12:57:39Z,0
VOIHU7bJx5A,@Pharaoh_in_the_sheets,"Pixel is just...the worst in every category except camera. ""Stock"" android purists just don't want to admit it.",2026-03-22T12:54:22Z,1
VOIHU7bJx5A,@renatovilela461,Thank you very much for making the comparison with Exynos processor. I was really wondering how it would perform against the others and it did really good.,2026-03-22T11:04:40Z,0
VOIHU7bJx5A,@creator-tx9ps,"13:14 Kinda funny how in this test, the smaller the battery is, the longer it lasts.",2026-03-22T09:21:07Z,0
VOIHU7bJx5A,@javsama1,Still think the S25 is probably the best bang for buck thanks to the past video comparing it. Just got a cheap open box S25 and couldn't be happier.,2026-03-22T06:19:05Z,0
VOIHU7bJx5A,@AmanpreetSingh-l8q,"I think in future, samsung will only use exynos in their phones",2026-03-22T05:42:19Z,19
VOIHU7bJx5A,@essakdx,"if ur AI freak, pixel. If ur peer pressure/stubborn, apple. if ur weird geek, samsung. choose whichever",2026-03-22T04:55:09Z,0
VOIHU7bJx5A,@disliker489,All of this are useless ... OPPO is the best,2026-03-22T03:54:35Z,0
VOIHU7bJx5A,@sonofage,"with motioncam pro, for those manual shooters, android phones that supports cam 2 api, would work very well with this. I hope some cinematographers would try, at least, to prove, that you don't just need an iPhone to actually shoot videos plus some people think the iPhone can make them better videographers when in fact, they don't take into account the art of framing, composition, etc, etc.",2026-03-22T03:23:29Z,0
VOIHU7bJx5A,@timothyjadoobeer8504,Yeah I just watch these videos cause I love tech plus love a battle the Samsung Galaxy S26 base model display size looks ok I could manage that cause I don't like small screen phones yeah I agree with the audio all of them sound the same tbh ❤ I'm starting to like versus vedios more and more as I watch it 🎉😊,2026-03-22T03:15:41Z,0
VOIHU7bJx5A,@donglee-cj2dg,"Although iPhones are the most popular in America, I didn't choose one because the camera's zoom quality is inferior to that of the Galaxy. The iPhone camera always loses to the Galaxy camera when it comes to zoom quality. Every year before winter break, I saw many parents at the elementary school who couldn't record their kids performing in the Christmas program. Most people had iPhones, but their zoom performance was very poor compared to the Galaxy's. Only my phone could record my nephew's solo singing performance without any problems.",2026-03-22T02:37:54Z,1
VOIHU7bJx5A,@Eden_Nook,"Literally just preference, the pixel shoots amazing pics and vids are also rly good, my battery on a budget pixel lasts 2 days never ever lags get compliments on camera and no connectivity issues never had performance issues. Pixel still has room for improvement ( which they are fixing with the 11). iPhone is a solid choice but just glaze and hype. In real life situations have had each ones flagships and it is just preference. Although never issues with pixel but plenty with iPhone and Samsung. Will see tho",2026-03-22T02:21:50Z,0
VOIHU7bJx5A,@AnkarosEdits,Upgrading from my pixel 7 to a pixel 10 soon it's gonna be a massive jump. 🙏,2026-03-22T01:45:13Z,0
VOIHU7bJx5A,@aldiansahvalentino8285,❤,2026-03-21T23:12:53Z,0
VOIHU7bJx5A,@Hypocrisy.Allergic,Who tf buys Pixel?,2026-03-21T22:38:47Z,0
VOIHU7bJx5A,@lau12342,You should buy a phone if you need a new one 👍,2026-03-21T22:23:45Z,0
VOIHU7bJx5A,@mcqueen4581,The review was beneficial waiting for review of iphone 17e and 17,2026-03-21T21:27:03Z,1
VOIHU7bJx5A,@CanerSolmaz-l6h,Con you stop moving your hands please!!!,2026-03-21T20:54:27Z,0
VOIHU7bJx5A,@Yohjto,"Hello Versus, I need to replace my phone. I have an A52s that's almost completely broken. I live in Italy and am tempted to upgrade to a Pixel. Given the current prices in Italy, a new Pixel 8 Pro costs €415, while a refurbished one costs €330 for a 128GB model. A new Pixel 9 Pro costs €570, while a refurbished one costs €495. I wanted to ask you which of these two models should I choose? What kind of memory 128-256(I don't use it for work)? And is it better to buy a new or refurbished one? To be honest, I'm more tempted to buy the 9 Pro, but that's only because I really like the design. In theory, the 8 Pro beats it in terms of specs. That's why I'm very hesitant. I don't want to make a bad purchase because of the initial feeling of satisfaction dictated by consumerism, while I want long-term satisfaction. Thanks for reading.",2026-03-21T20:43:17Z,0
VOIHU7bJx5A,@esmailfarhan3324,What’s the gaming controller brand and model name?,2026-03-21T20:01:06Z,0
VOIHU7bJx5A,@flacofromny,Ho estoy speaking i think this year the galaxy s26 plus once is cheaper is the phone to get. The pixel and iphone are too small. Maybe for smaller hands.,2026-03-21T19:41:32Z,0
VOIHU7bJx5A,@Neverminder000,Basically Apple and Samsung are neck to neck and Google Pixel is just sitting back and improving but still has a long way to go,2026-03-21T19:13:35Z,0
VOIHU7bJx5A,@yongswiiss,Google pixels are the worst phone on earth...,2026-03-21T18:14:38Z,0
VOIHU7bJx5A,@gabrielcotrim574,samsung makes the iPhone display so either way is a win for them,2026-03-21T18:11:12Z,0
VOIHU7bJx5A,@kaundinyaswarna9047,chinese phones are too good!,2026-03-21T17:59:34Z,0
VOIHU7bJx5A,@wasiahmed1547,S26 this time is a pure disappointment!,2026-03-21T17:51:13Z,4
VOIHU7bJx5A,@dhoff82,Thinking of grabbing the 10A till the 11 then deciding on getting the 26U or 11 pro xl what do you think of  that ready to get off iPhone,2026-03-21T17:03:37Z,0
VOIHU7bJx5A,@ropuianatsu1,this is soo repetitive..havent u did this video 5 or 6 timmes already?,2026-03-21T16:58:23Z,0
VOIHU7bJx5A,@Hextato,Love how this video really popped up as I was debating on getting the base S26 cause of Exynos' history. Definitely one of the few videos that convinced me to finally upgrade my 4 year old phone,2026-03-21T15:13:04Z,0
VOIHU7bJx5A,@ffw-d4c,"I moved the 16 Pro Max to a Pixel 10 Pro XL when it came out.  First Android phone in a long time.  I still have my iPhone (no phone #) and I use for support stuff at work.  

After 6 months now, when I get on the iPhone the UI seems like a joke.  The keyboard is so utterly bad.  Liquid glass even with the latest update is just wrong in so many ways.  Apple needs to wake up.  They have lots of momentum but being when a hard core iPhone fan like me jumps ship.....wake up.  The Pixel UI and its AI is just so, so far ahead of iOS.",2026-03-21T15:12:37Z,1
VOIHU7bJx5A,@GeorgeThomas-w1u,Mình rất thích phương pháp giảng dạy ở đây.,2026-03-21T14:58:31Z,0
VOIHU7bJx5A,@adriancc4240,"Because it depreciates very quickly, the Pixel 10 is worth buying when the price drops to half its launch price.",2026-03-21T14:54:56Z,0
VOIHU7bJx5A,@noobmasterrr3,multimedia champ an iphone with a pill obstructing anything you watch ! sure,2026-03-21T14:53:16Z,0
VOIHU7bJx5A,@fredygord20,I'll pick both except iphone 17,2026-03-21T14:21:36Z,0
VOIHU7bJx5A,@Ohmkartech,She didn't mention Good lock what???🤯🤯,2026-03-21T13:41:56Z,0
VOIHU7bJx5A,@Ohmkartech,Please compare performance but not game supports🤌🤌,2026-03-21T13:40:58Z,0
VOIHU7bJx5A,@rawpowerinmotion,I ended up paying $419 Australia dollars for the pixel 10 so I'm not complaining,2026-03-21T13:31:47Z,0
VOIHU7bJx5A,@misunderstood781981,"No AI narrator,  Subscribed",2026-03-21T13:16:57Z,5
VOIHU7bJx5A,@jetoziberi5104,Xiaomi 17 is best,2026-03-21T13:01:15Z,0
VOIHU7bJx5A,@AloneWithMemories,Really great comparison and I think I made the right choice going for the base iPhone 17,2026-03-21T12:57:54Z,3
VOIHU7bJx5A,@Barcamaniac,I'd only take the pixel for free; paying money for it means you've had a lobotomy.,2026-03-21T12:39:24Z,1
VOIHU7bJx5A,@Superz_man-z1,Ngl all three phones are great phones i don't hate any of them,2026-03-21T12:32:00Z,0
VOIHU7bJx5A,@iiNJOKER,"Pixel is a joke of a brand for it's price. Clearly google just sells you Software and AI and outdated hardware. 👎

If you still want the pixel, Just don't buy at full price.",2026-03-21T12:28:18Z,0
VOIHU7bJx5A,@whatevschannel43,Really good review! I just subscribed and bought the s26 with a bunch of discounts and vouchers for trading in a not so old phone.,2026-03-21T12:13:42Z,1
VOIHU7bJx5A,@poufpoufFR,Can you test Nothing 3a Pro VS Nothing 4a VS Nothing 4a Pro ? :D,2026-03-21T11:47:41Z,0
VOIHU7bJx5A,@GamerXPAT,S26 Base Model is actually a downgrade,2026-03-21T11:26:47Z,0
VOIHU7bJx5A,@jimaras.41,👍👍,2026-03-21T09:42:18Z,0
VOIHU7bJx5A,@Cjambrose1,Wtf is google doing fgs 😭😭the cost that much and still lag behind in things like high end games dammm…,2026-03-21T09:36:51Z,0
VOIHU7bJx5A,@boobooobaa,6:31 Nope !!,2026-03-21T09:31:11Z,0
VOIHU7bJx5A,@murokral,Great review woman,2026-03-21T09:08:35Z,0
VOIHU7bJx5A,@DeusRegum,"Samsung is smart to not use magsafe magnets.  They wear out after a while and MOST everyone uses a phone case anyway.  Tech and Software, Samsung is King of the Jungle right now.  Pixel is competing more with Apple than Samsung.",2026-03-21T09:05:22Z,0
VOIHU7bJx5A,@Mrindiangamezy,But Why is not add vivo x300 or oppo find x9 or xaomi 17  😑😑?,2026-03-21T08:40:03Z,5
VOIHU7bJx5A,@timoftiflaviu,"9221 on Iphone Multicore benchmark vs Samsung S26 10.965 doesnt mean that Samsung destroyed the Iphone! They”re very much on pair, super close! Why do you say exaggerations? You should also know that the Iphpne 17 supports up to 40 W wired charging! Honestly, looking at your entire review, it seems poorly prepared to me, it doesn't hurt to be more careful!",2026-03-21T08:28:02Z,3
VOIHU7bJx5A,@iAfroTech,"And there are still people complaining *that much* about the Galaxy. *I'm not saying that cameras are perfect* but they are enough for a lot of people and those features are clearly not the main focus of people buying this compact Galaxy. *Overall, the phone is one the best compact you can buy on the market.* I still refuse to buy an Exynos, i don't like HyperOS so the Xiaomi 17 is not for me either but Samsung know what their consumers like. It's just business.",2026-03-21T08:11:46Z,0
VOIHU7bJx5A,@Tomioka_Giyu-k7p,Everyone Eid Mobarak  ✨🌙,2026-03-21T07:42:00Z,39
VOIHU7bJx5A,@dancitydancestudios,"I have both the 17 and the 10 and the os is the only thing that would make me choose between them. Both the iphone and the pixel have great cameras, real world speed etc, face unlock works for me on both in low light, and as for gaming please review a game that is available for all three",2026-03-21T07:39:36Z,4
VOIHU7bJx5A,@Shootx99,67,2026-03-21T07:36:54Z,0
VOIHU7bJx5A,@defshaurya,as an all time android advocate I love the 17!,2026-03-21T07:22:59Z,3
VOIHU7bJx5A,@Shell5370,"S25 was noticeably smaller than it's direct competitors. But Samsung increased the size of the base model for the 26 series which is now same size as vivo x300 or the base Iphone 17, and that defeats the purpose of this model in my opinion.",2026-03-21T07:14:02Z,2
VOIHU7bJx5A,@franky5363,Its always Samsung vs iphone,2026-03-21T07:11:33Z,1
VOIHU7bJx5A,@Thedarkethyst,"in my country, s26 base model is the same price as the vivo x300 pro. samsung is out of it's mind. selling 4 year old shitty camera hardware while vivo is selling cutting edge insane camera hardware. the 200mp telephoto on vivo makes s26's 3x look like a camera from 1980 lol.",2026-03-21T06:32:57Z,0
VOIHU7bJx5A,@Thedarkethyst,"Samsung's telephoto is so bad, its even worse than midrange chinese phones that are half the price, like oppo reno 15, that phone totally demolishes s25 in terms of portraits.",2026-03-21T06:31:49Z,0
VOIHU7bJx5A,@taanksquad8647,"All three have average cameras compared to the price. You should compare them with Vivo X300 and Oppo Find X9 because both can beat these three smartphones in terms of picture quality. And yeah, iPhone is still unbeatable in video shooting, but I am talking about picture quality.",2026-03-21T06:31:46Z,0
VOIHU7bJx5A,@KshitijGupta447,Finally someone is focussing on the base flagships!,2026-03-21T06:22:08Z,110
VOIHU7bJx5A,@PerfectImperfction,iOS gives you like 20 years of software updates,2026-03-21T06:18:16Z,1
VOIHU7bJx5A,@KshitijGupta447,"Really hope these changes come with the next versions of these phones:
iPhone 18 - Better AI smarts, maybe a telephoto (don’t see this happening though), slightly faster charging
Pixel 11 - Better raw performance, LTPO OLED, better battery efficiency for the size, lower weight for a compact phone
Galaxy S27 - Bigger battery, faster charging, maybe magnets",2026-03-21T06:17:03Z,1
VOIHU7bJx5A,@KshitijGupta447,"The iPhone has great performance, UI, but average AI smarts. 
The Pixel has great UI, AI smarts but average performance. 
The Galaxy has great UI, performance, and AI smarts. The watch ecosystem is also arguably better than the Pixel watch imo. 
In any case I don’t think one can go wrong with any of these three.",2026-03-21T06:15:09Z,1
VOIHU7bJx5A,@ammarammarwf380,😍 Samsung 😍,2026-03-21T05:48:46Z,1
VOIHU7bJx5A,@omarmaamouri,A respectful comparison,2026-03-21T05:47:09Z,2
VOIHU7bJx5A,@chination1796,Can't go wrong with Samsung,2026-03-21T05:34:22Z,9
VOIHU7bJx5A,@rishavraj8209,"These youtubers know no brands other than Apple, Samsung and Google. There are a lot of other smartphones in this price category that are far better than these.",2026-03-21T05:22:44Z,0
VOIHU7bJx5A,@leoni7649,Pixel is a joke,2026-03-21T05:22:09Z,0
VOIHU7bJx5A,@ßænne,"Iphone: Videos, gaming, decent battery life
S26: All rounder with decent battery life
Pixel: UI, AI, 5x zoom, decent performance",2026-03-21T05:14:54Z,66
VOIHU7bJx5A,@shadowhunter2042,Love it. 😊❤,2026-03-21T04:36:35Z,0
VOIHU7bJx5A,@techno_logic26,I never expected this performance from the exynos chip. Now I'm sold to buy the S26+.,2026-03-21T04:28:09Z,39
VOIHU7bJx5A,@0verthron3,"I'm actually glad I didn't wait for S26 as there is no much difference compared to S25 at all, plus it's bit bigger and I want my phone to be as compact as possible and still being power house. Also, got my S25 256GB on deal for 599€ and couldn't be happier :)
I just hope that some of special 8.5 features will become available on S25 and not all of them to be exclusive to S26.",2026-03-21T04:23:00Z,19
VOIHU7bJx5A,@ishusahu-c1c,If I buy Samsung S26  exynos 256 variant for $794 Is it a good purchase and winner as compared to Iphone 17.,2026-03-21T04:20:16Z,1
VOIHU7bJx5A,@chillychillin39,"iPhone wins the camera aspect consistently, except on the zoom aspect, and the lighting was also a lil off in one of those selfies at the start. But wow, Samsung really surprised me in the performance aspect.
Apple implementing Gemini will disturb in the ""privacy & security"" aspect, since Google is actually highly intrusive in a few ways, which will kinda defeat one of the main points of the iPhone in my opinion.",2026-03-21T04:00:08Z,4
VOIHU7bJx5A,@RandomRiffs-r3k,"If you’re gonna search gupta info, they did an incredible durability test. Iphone is a fckin’ solid phone. I am more on android when it comes to features though.",2026-03-21T03:53:48Z,1
VOIHU7bJx5A,@leonardwickens-l5p,Can you do the vivo x 300 pro again vs the Samsung s26 ultra,2026-03-21T03:34:19Z,1
VOIHU7bJx5A,@MichaelPDambrosio,Bixby? Really lol. It's terrible,2026-03-21T03:10:34Z,1
VOIHU7bJx5A,@utubekebs,"Besides RAM, the iPhone 17 has uncommonly better specs compared to the android clones this time round.",2026-03-21T02:50:15Z,0
VOIHU7bJx5A,@RWJSJG,Great reviews ❤❤❤,2026-03-21T02:37:39Z,0
VOIHU7bJx5A,@jaygonzalez86,Ive been listening to Bad Bunny on my new S26. Lol,2026-03-21T02:35:19Z,0
VOIHU7bJx5A,@josed1,"Hey Versus! I have an idea... I'd love to see some comparisons with older models to see how good their actual lifespan is. Using real, used devices in good condition would make the comparison more meaningful, since longevity is what matters most to me. I know Apple is supposed to be very strong in this area, but I want to see it in action and how much of a difference it makes now. We could start with a head-to-head comparison of the 2024 models, for example, in case those devices are hard to find.",2026-03-21T02:20:13Z,9
VOIHU7bJx5A,@NavedKhan-lz9kd,EID MUBARAK EVERYONE ❤❤,2026-03-21T02:16:10Z,1
VOIHU7bJx5A,@Sykeye7,I wouldn't buy the Pixel even if it was $300 cheaper than the Samsung. Horrible processor and badly optimized.,2026-03-21T02:14:34Z,0
VOIHU7bJx5A,@cyrelgingco8400,always the iphone,2026-03-21T02:11:47Z,0
VOIHU7bJx5A,@top10world.32,"iPhone 16 Pro vs iPhone 17 
Which is better ??",2026-03-21T02:04:26Z,1
VOIHU7bJx5A,@joenathanz7474,"Why is pixel doing up there? It’s not a flagship, barely a midrange😂😂😂",2026-03-21T01:54:53Z,1
VOIHU7bJx5A,@KevinCollins-c7y,Samsung S26 speakers feel SO WEAK!!!! I think winner here is iPhone.,2026-03-21T01:52:24Z,1
VOIHU7bJx5A,@farhanmahmud2042,Finally got this,2026-03-21T00:38:29Z,0
VOIHU7bJx5A,@Gadsden.Placker,"Hands down the OnePlus 15, haven't tried the s26 ultra yet but have tried the other two and it's not even close. And given that the s26 ultra didn't give us any of the critical updates we needed from the s25 ultra, there's really no need to test it. Blown away by how far behind they all are compared to OnePlus and Oppo.",2026-03-21T00:30:21Z,0
VOIHU7bJx5A,@2tangoplsty613,"Don't get confused by the 120hz of iphone 17. As someone who owns both S23 and Iphone 17, the S23 still feels a lot smoother when it comes to usual social media scrolling etc. The Ipgone somehow defaults to around 80hz refresh rate and you can only really see the 120hz if you scroll super fast (which you won't normally do) and you will really notice it if you come from 120hz android. 

As for the other aspects, Iphone easily wins in Video while Samsung wins in software. I just don't really like the apple software where it limits you and tells you what to do",2026-03-20T23:56:49Z,14
VOIHU7bJx5A,@Pikoxa,OnePlus 15 ?,2026-03-20T23:50:03Z,2
VOIHU7bJx5A,@SUF.YAN_JutT,"Great breakdown! I watched the full video and I'm really impressed by how well the Exynos 2600 performed on the international Galaxy S26 unit you tested. For years, Exynos chips were the weak link of Samsung's lineup, but this time it genuinely seems like Samsung has cracked the code.

A few highlights that stood out to me from the performance section:

The S26 (Exynos 2600) destroyed multi-core scores in Geekbench 6, beating even the A19.

In the Lightroom export of 99 photos, the Galaxy came in first — ahead of the iPhone.

In CapCut 4K rendering, the Galaxy finished in just 15 seconds, which is insane.

In 3DMark Wildlife Extreme, the Galaxy topped the best loop score.
My one big request: please do a dedicated full deep-dive video on the Exynos 2600! I'd love to see extended gaming tests (BGMI, Genshin Impact, Wuthering Waves), sustained performance over 30+ minute sessions, thermal throttling charts, per-hour battery drain, and a long-term 2–3 month follow-up on how it holds up over time. This matters a lot for international buyers like me who will never get the Snapdragon variant.
Based on this video, it genuinely feels like the international S26 is no longer a ""worse"" option. That's a huge deal. Would love a separate Exynos 2600 dedicated test to confirm this once and for all!",2026-03-20T23:39:46Z,23
VOIHU7bJx5A,@SamoelFilho,"This generation the victory is for regular iPhone for that price, it’s strange but yes comes from Apple.",2026-03-20T23:39:35Z,19
VOIHU7bJx5A,@StephenPaderes,Please olive test the oppo find N6,2026-03-20T23:25:29Z,0
VOIHU7bJx5A,@GuramiSaiashvili,She’s an Apple fangirl and a total Pixel hater,2026-03-20T23:15:51Z,1
VOIHU7bJx5A,@corsinivideos,"Samsung are out of their mind charging $100 more than an iphone 17, ripping off their customers hard.",2026-03-20T22:49:24Z,3
VOIHU7bJx5A,@peterwilliams2889,"If Google tracks you and listens to you on an iPhone or Samsung, can you imagine what they do on a phone THEY BUILD/",2026-03-20T22:46:10Z,4
VOIHU7bJx5A,@ifechukwuozonebo,00:41 chikamzo😂😂,2026-03-20T22:27:10Z,0
VOIHU7bJx5A,@belizarius_997,Another great comparison. Thank you!,2026-03-20T22:26:11Z,1
VOIHU7bJx5A,@chippydthep,Does a phone honestly matter when you're just going to watch YouTube and scroll on social media?,2026-03-20T22:24:40Z,3
VOIHU7bJx5A,@ghivbrand,iPhone 17 basic win 🎉,2026-03-20T22:14:41Z,3
VOIHU7bJx5A,@ersin9556,I think the S26 gets more out of the Snapdragon processor in terms of battery life and camera performance.,2026-03-20T22:07:52Z,2
VOIHU7bJx5A,@mikey20251,1:30 can you also show the weight in grams please,2026-03-20T22:02:00Z,1
VOIHU7bJx5A,@deepakbisht4957,"All three are great.
Pixel although is great in it's software experience in terms of clean ui with Ai but it lacks in performance.
So it's neck to neck between Samsung and IPhone in terms of all rounder phones but if you are not a heavy user and you like pixel camera and it's software then it's beat for you with all the offers...",2026-03-20T21:51:42Z,106
VOIHU7bJx5A,@HarpreetSingh-jh8yx,iPhone 17 S26 and Xiaomi 17,2026-03-20T21:47:47Z,0
VOIHU7bJx5A,@Kfr_T,0:27 😭😭😭😭😭😭😭,2026-03-20T21:46:13Z,20
VOIHU7bJx5A,@ImSorrowFilms,iPhone 17 for the win :D (No hate to androids tho love my android homies <3),2026-03-20T21:41:16Z,1
VOIHU7bJx5A,@PrinzessinMaki,Exynos 2600 is also the Only 2nm Chip from the 3,2026-03-20T21:40:54Z,5
VOIHU7bJx5A,@talontips,The pixel prolly has the best software experience of any phone,2026-03-20T21:33:23Z,20
VOIHU7bJx5A,@talontips,Seems the galaxy is no longer a compact phone,2026-03-20T21:22:01Z,1
VOIHU7bJx5A,@ezenwajoseph,S26 and it ain't even close,2026-03-20T21:14:43Z,7
VOIHU7bJx5A,@snail_king-s3c,I just can't get bored watching these amazing videos❤❤❤❤,2026-03-20T21:14:25Z,3
VOIHU7bJx5A,@andriy_popchenko,0:28 nooooo!,2026-03-20T21:05:34Z,17
VOIHU7bJx5A,@FA-pi2ky,I Love your videos!,2026-03-20T21:04:21Z,0
VOIHU7bJx5A,@iSanjit1996,She is so gorgeous and beautiful 😮😊,2026-03-20T21:04:16Z,2
VOIHU7bJx5A,@blackdarkdarkerbleach7100,"iphone 17 >>>>>> s26 > pixel 10

pixel is horrible at everything",2026-03-20T21:03:22Z,8
VOIHU7bJx5A,@MrEthanoper,s26!!!!!!!!!!!!!!!!!!!!!!,2026-03-20T21:02:19Z,3
VOIHU7bJx5A,@siAcclaHere,Pixel 10,2026-03-20T21:01:28Z,18
VOIHU7bJx5A,@WonderOfU006,Nice video😁😁,2026-03-20T17:06:23Z,3
VOIHU7bJx5A,@versus_com,Which one are you picking and why? 🤔 Drop your choice below!,2026-03-20T14:37:27Z,18
mw5Wpg1WILU,@MaxRank,Just bought this phone as an upgrade from my note 10+  😂 Im sure the difference will be huge,2026-03-25T20:51:05Z,2
mw5Wpg1WILU,@WynnUnlimted,Swapping out my 22+ for a 26 ultra.,2026-03-25T03:07:40Z,0
mw5Wpg1WILU,@thinkingbubba32,"Switched from T-Mobile to Verizon today, and after 6 months with iPhone, I had to switch back to Samsung, so I got an S26 Ultra. Everything feels a bit like going home, but it took a couple minutes to find and delete all of the bloatware. Day one so I can't comment about the new carrier or the phone's larger functions.",2026-03-25T02:08:10Z,0
mw5Wpg1WILU,@marieroome6586,Thanks great video,2026-03-25T01:56:13Z,0
mw5Wpg1WILU,@MegaLOLfighter,Cant decide between Oppo X9 Pro vs Oppo Find N6 vs S26 Ultra,2026-03-24T23:39:31Z,0
mw5Wpg1WILU,@stevea8099,"Its not worth upgrading from s25u, I'm returning.mine, not impressed",2026-03-24T23:09:01Z,0
mw5Wpg1WILU,@moonlambo5229,I just ordered the 1TB version.  I needed a good phone upgrade since my current device is 5 years old.  Only reason I really getting a new phone is because i dropped it like an idiot.,2026-03-24T22:16:56Z,0
mw5Wpg1WILU,@MsSundanz,Thanks!! I came here to fund more info on S26 Ultra before buying it. Ready for an upgrade for my S23 Ultra.,2026-03-24T20:21:39Z,2
mw5Wpg1WILU,@PilgrimBear85,Who on earth is walking around with a $1000+ phone without a case?,2026-03-24T17:28:01Z,0
mw5Wpg1WILU,@mattwaters6987,Great video!  👍,2026-03-24T17:14:04Z,0
mw5Wpg1WILU,@artist123451,"Hello! Nice video of Samsung S26 ultra . My question is  i am using iPhone17 pro max almost three months and now i am thinking to switch Samsung S26 ultra , i am still confused so which is better from your side ??? 17Pro max vs S26 ultra ?",2026-03-24T16:17:42Z,0
mw5Wpg1WILU,@beckf1858,"I have the S24 Ultra and just ordered this one, mainly for the privacy feature. But I'm super excited for the new camera features, especially front facing. I'm a solo traveler, so being able to take better selfies is a major plus. Great review...thanks!!!",2026-03-24T13:33:35Z,8
mw5Wpg1WILU,@hartono23,Waiting the delivery for my S26 ultra.. to replace my Samsung Note 10 Lite 😀😀. Hope this one is better,2026-03-24T12:13:48Z,0
mw5Wpg1WILU,@davidjackson6130,Damn No Bluetooth   😮,2026-03-24T05:25:25Z,0
mw5Wpg1WILU,@purrbox7514,"It's a flagship, it's Samsung, it's going to be good. Maybe I'm just not nerdy enough, but I've never bought an ultra and been disappointed.",2026-03-24T05:09:07Z,0
mw5Wpg1WILU,@pc6113,I'll keep my Note 9😂,2026-03-24T04:57:53Z,0
mw5Wpg1WILU,@GuestInvitado-gd3bi,I am in love with this phone. I like the video horizontal lock and everything else. One of these days I am going to buy it. Enjoyed watching.💯👍👍😉,2026-03-24T04:47:23Z,3
mw5Wpg1WILU,@SwedePotato314,"Coming from the 24 ultra and Im only bummed about the hardware. I miss the chonkier S pen. AND the squared corners and the heavier titanium body. If I could take the internals of the 26 ultra and put it into my 24ultra body I would in a heartbeat. The 24 ultra is the best phone Ive uses in 39 years.
 I wont lie that the form factor of the flip phone is calling me. Im trying to decide between the flip 7, fold 7 and 26 ultra and I think Im going with the fold.   
My daughter has basically taken over my samsung tablet so itll be nice to have another one. 😂",2026-03-24T03:18:05Z,0
mw5Wpg1WILU,@XIX_cloud,"Coming from an s20 fe the s26 ultra feels SO much better and worth it, but im grateful to have either!",2026-03-24T01:47:18Z,4
mw5Wpg1WILU,@paulspencer2542,"Phone will break if you drop it - Don't drop it then.
S-Pen will go in the wrong way round - Don't do that either.

Other than that, a good review! :)",2026-03-23T22:59:39Z,0
mw5Wpg1WILU,@jrfan912,"I live in Florida and bought the S24 Ultra thru Spectrum. Im curious as to why the S26 is cheaper than the S24. This S24 was $1,300. The S26 is $800. Maybe its just the carrier's price?🤷‍♂️",2026-03-23T20:54:03Z,0
mw5Wpg1WILU,@gamingflower9746,"great review but how long is the battery life when being constantly used I watch a lot of youtube, twitch, and tiktok I have the s22 and it feels like it goes to empty pretty fast",2026-03-23T20:15:10Z,0
mw5Wpg1WILU,@tessy_fly,Any eye strain problems? I'm worried to get one because all of the stories...,2026-03-23T17:34:00Z,0
mw5Wpg1WILU,@jacobhawkins96,They should have brought back the Bluetooth on the Spen. Saying that only 1% actually used it is so far off based on my personal experience. Everyone that I know that had a bluetooth-enabled Spen used it at a minimum for the camera shutter but it had so many more features that we've lost out on. Bad move Samsung.,2026-03-23T14:44:56Z,0
mw5Wpg1WILU,@witness.9335,"Dude forget about the Samsung S26U for now, that Omega Speedmaster on your wrist is awesome ",2026-03-23T14:14:12Z,5
mw5Wpg1WILU,@HarrySatchelWhatsThatSmell,"Please don't, ""rock"" the case.  Just use it.  don't be trendy using words simply because they're, ""in style""",2026-03-23T14:03:17Z,0
mw5Wpg1WILU,@douglasholt8353,Great vid,2026-03-23T14:00:38Z,0
mw5Wpg1WILU,@Gamer-2-e2u,Is it better than the iPhone 17,2026-03-23T13:32:27Z,0
mw5Wpg1WILU,@strangeobiebryce3733,"The pen goes two ways one.If you don't have a case or put it the other way, when you do have a case to take it out easy, why do you dummies?Don't think of that",2026-03-23T13:11:25Z,0
mw5Wpg1WILU,@Sheridevs,Can you tell me the name of the wireless charger at 4:24 please?,2026-03-23T13:05:15Z,0
mw5Wpg1WILU,@BigYouDog,"I've upgraded from the S21 Ultra. if the wobble is annoying and you are not using the S pen,  take it out and put it on the desk at 90 deg  to the phone, just below the camera bump.",2026-03-23T11:26:17Z,0
mw5Wpg1WILU,@flon57,"Why the 🤬 wouldn't have a case or wallet to protect  a 📱, no matter what the cost.  Aliexpress  under $10💶 for either",2026-03-23T10:44:46Z,0
mw5Wpg1WILU,@BigPoppa-t3z,1300 bucks anyone not having a case anyway. Is nuts. Idk why 5k battery bothers people so much it lasts all day no matter. This chip is the fastest. Faster than my s25ultra. Certain apps that took longer to load now zip open.The Lutz function can be activated anytime your log video is being play so if your not off loading to a desktop edit you dont have to,2026-03-23T10:33:18Z,0
mw5Wpg1WILU,@crumpets1975,I used my spen Bluetooth for skipping songs.. could chuck my phone in my bag/pocket.. and just click the button to skip songs.. I've got a s26 ultra and I miss this feature.. great when hiking/jogging etc,2026-03-23T09:25:53Z,4
mw5Wpg1WILU,@panamanianjoy,Where is the link to the phone stand? I see the phone case. You have me second guessing my purchase of the 26 ultra . 😢,2026-03-23T08:27:34Z,0
mw5Wpg1WILU,@SteveHinrichs,I thought it was funny you were recording the Samsung S26 with your Apple iPhone 17. Thanks for the review. I truly appreciate your reviews and trust your opinion.,2026-03-23T05:07:36Z,2
mw5Wpg1WILU,@ThisBodyStillFightsYT,Really with the level of updates I think my S24 Ultra is still great enough to wait longer. I might even wait until 2028 before I get a new phone.,2026-03-23T04:50:42Z,3
mw5Wpg1WILU,@bobbytran6759,Why you only talk about basic stuff. Can it programming like a lab top.,2026-03-23T03:22:42Z,1
mw5Wpg1WILU,@m.hreels,I always love your videos,2026-03-23T01:25:18Z,0
mw5Wpg1WILU,@jordanking7711,I'm glad you addressed the elephant in the room so to speak.  NOBODY aside from reviewers should be or even needs to upgrade their phones every year.  It's just ridiculous.  I'm super excited to get this phone.  Will be coming from my S20+ so will be quite a change for me.,2026-03-22T23:30:39Z,0
mw5Wpg1WILU,@khienloong,Nice review! I especially enjoyed seeing the Speedmaster and Submariner lol,2026-03-22T22:22:12Z,1
mw5Wpg1WILU,@bluecoffee8414,To the bluetooth s-pen whiners: you just set camera for voice activation (sayy 'cheese' or 'photo'). Or use the setting where you show your palm to take a photo. Or get a 5 DOLLAR bluetooth clicker. It really ain't that hard folks 😊,2026-03-22T21:41:25Z,2
mw5Wpg1WILU,@MaiKaiMakena,The last phone 📲 with tons of features when you have an iPhone you realize how locked 🔒 down and boring it is.,2026-03-22T20:44:52Z,0
mw5Wpg1WILU,@AzizJoury90,"I don’t mind the aluminum design, esp. for humongous phone like S26 Ultra. Mixed feeling about narrow viewing angles (to allow privacy screen features). 
Love the speedy ⌚️",2026-03-22T20:37:38Z,1
mw5Wpg1WILU,@MadMaxx_V8,"Excellent video, as always, Rambler!! I'm planning to upgrade to the Ultra from my Pixel 9 Pro XL, so your review is perfectly timed. I see you're still rocking that sweet Rolex! Hope all's good with your wife and kiddos! Congrats on nearing 250K subscribers! Well deserved, mate!!",2026-03-22T18:46:19Z,2
mw5Wpg1WILU,@thomasorchard,"What is a ""color way""?",2026-03-22T18:41:04Z,2
mw5Wpg1WILU,@haltzy,"I love you Patrick, but seriously.. why are you selling a face diaper?",2026-03-22T18:35:04Z,1
mw5Wpg1WILU,@mickyeverton,"Many Thanks, Peace From London!! 🙏🙏",2026-03-22T18:20:07Z,4
mw5Wpg1WILU,@TechMNO,"Great video. But I would like to bring back the Bluetooth functionality on the S pen or (sorry, I am 1000% sure many people will raise eyebrows here) DITCHED it altogether and just put a Qi 2.2 MagSafe capability.",2026-03-22T16:23:28Z,2
mw5Wpg1WILU,@pkgaming5916,"Patrick, your review videos are fantastic! Your explanations are always the best. Keep up the great work; love from India.",2026-03-22T15:59:42Z,0
mw5Wpg1WILU,@blashomin,Hello. I have a Fold 7. should I exchange it for the s26 ultra?,2026-03-22T15:29:55Z,1
mw5Wpg1WILU,@bendover81,Love the honest thoughts man 👍,2026-03-22T14:22:31Z,0
mw5Wpg1WILU,@BMB1990,Great vid!,2026-03-22T14:20:20Z,1
mw5Wpg1WILU,@bryans8656,"Thanks for the balanced review, that's a nice phone.  I've been seeing mixed reviews on the privacy screen.",2026-03-22T14:17:18Z,1
mw5Wpg1WILU,@baylor3894,I can't get my Bixby to work I just tried it 🤦🏾‍♂️,2026-03-22T14:16:22Z,1
FRI78tq9Eik,@kotalee2106,"If you really want to test the Galaxy S26 for all it's worth, you gotta bring the Is It a Good Idea to Microwave This? guys out of retirement.",2026-03-25T04:01:37Z,0
FRI78tq9Eik,@lethalbubba,Ghost cases are the worst overpriced case I have ever owned. Dropped min flat on the back from about 1.5 feet and the case itself broke. They refused to replace it as well. Will never use dbrand ever again. Not to mention the 2.0 was the free upgrade after their fuck ups with the 1.0. Version and it took months to get,2026-03-24T20:12:12Z,0
FRI78tq9Eik,@MonjoyKoch-dg5qz,Sir give me,2026-03-23T13:04:16Z,0
FRI78tq9Eik,@craigyjp,"I've just been to look at the Samsung S26 ultra, I think it's time to switch brands away from Samsung, after buying nearly every S phone since the original Galaxy S series, I only skipped the S6 for some reason. But I now have an S24 Ultra and I will probably keep with it or switch brands because the S25 and 26 are junk.",2026-03-22T14:30:03Z,0
FRI78tq9Eik,@TheCherieCurry,"Do you guys remember on the note 8 i believe, when in Shealth you could check your blood pressure etc from your phone?",2026-03-19T09:08:10Z,0
FRI78tq9Eik,@babayagami,"The Ultra Design peaked at S24, they went backwards post S24 ultra.",2026-03-17T04:26:40Z,0
FRI78tq9Eik,@PinkPoodlePrincess,"QUESTION !!!!!!!!!!!!!!!!! LOOK HERE -----------> if random people are saying they ""notice"" the s26ultra display being grayish or pixilated or ""grainy "" , and they notice the camera picture quality is ""off ""too, butttttttt the camera features have improved and are even better, soooooo what does the pictures or videos being sent or uploaded look like then ??? Especially if the camera got better right??? The math ain't mathin with their complaints. Is it their computer software that sucks or is it their lack knowing how to properly use the phones features and when to have the secret screen display not ALWAYS ON 24/7 especially while taking photos or video 🤔",2026-03-15T16:10:46Z,0
FRI78tq9Eik,@annamarita6846,"Most of this phones are not better than galaxy s20 ultra if they are it's not worth to 800$ we need to be able to update our phones for ever not 5 years, make one software for them all! Charge one time fee for updat a year fee",2026-03-15T13:18:41Z,1
FRI78tq9Eik,@Bill-bv9ld,2:18 S25?,2026-03-14T03:42:27Z,0
FRI78tq9Eik,@CruiseControlOG,"Honestly, you shouldn't be replacing your phone until there are no more software and security upgrades. 📲🤳📱",2026-03-12T08:44:54Z,0
FRI78tq9Eik,@Hicosmo,"Когда перестанут пихать в смартфоны ультраширики? Ими никто не пользуются, или пользуются 1-2% пользователей смартфонов. Намного полнее было бы ставить 1х модуль и какой нибудь зум модуль 3х или 4х. И все! Базовый набор на сегодняшний день по камере в смартфонах, 1х и зум 3-4х какойнибудь. 1х модуль камеры в смартфоне и так сам посебе широко фоткает. Хватит пихать 0.5 - 0.6х модули. Уже тошнит от них, от них толку нет. от зума толку больше!!!!!!!!!!!!",2026-03-11T18:34:23Z,0
FRI78tq9Eik,@Blackstarr-ye9fp,Bring back curved display to Galaxy Edge.,2026-03-11T04:52:23Z,0
FRI78tq9Eik,@greenlight2323,I am a Business User. I cant find a single video where they dont spend 40% of the Video for the camera.,2026-03-10T09:07:56Z,0
FRI78tq9Eik,@AmericanVintagePostcards,All the cheaters buying new phones,2026-03-10T05:13:49Z,0
FRI78tq9Eik,@piobandz68,I got to give props to samsung for the privacy screen just wish the samsung didn't have ai,2026-03-08T22:14:52Z,0
FRI78tq9Eik,@Motocros886,I would like it very much.,2026-03-08T19:46:38Z,0
FRI78tq9Eik,@SaiKoorelli-l9l,17e vs 16e pls,2026-03-08T16:36:20Z,0
FRI78tq9Eik,@yassisan52,The beat up apple with that privacy display crazy 😮,2026-03-07T16:22:02Z,0
FRI78tq9Eik,@zenwave5272,What are the privacy protections regarding the AI features?,2026-03-07T02:48:15Z,0
FRI78tq9Eik,@ezurmnd,Wonder if the S pen is back to Bluetooth,2026-03-06T18:51:34Z,0
FRI78tq9Eik,@simaknaveedakther8755,Man the privacy screen is such a crazy good feature Samsung added since the introduction of Samsung dex this is genuinely one of the greatest smartphone features other than that 8 Elite gen 5 on the galaxy s26 ultra I'm so happy that they added it I'm really liking the colors this year especially the purple looks super nice and beautiful and as well finally added 60w finally I can charge my phone in minutes my goodness hella upgrades on the galaxy s26 Ultra,2026-03-06T18:43:40Z,0
FRI78tq9Eik,@adnanghafoori6990,You know why the Dbrand case is not going to get yellow? Because the parts that are expected to get yellow are black 😂😂😂,2026-03-06T15:35:40Z,0
FRI78tq9Eik,@cuddle_to_listen,Seems like we are back in the innvative era where Samsung used to cook us with crazy phones...,2026-03-06T13:45:21Z,0
FRI78tq9Eik,@middleagedmutantninjaturtle18,Ultra series is literally getting closer to normal models each year. Nothing ultra about them,2026-03-06T13:21:58Z,0
FRI78tq9Eik,@CrypticT0xin,I am planning on upgrading from a Galaxy Note 9. I wonder if it will be worth it… I love the S-Pen. Know they took away Bluetooth but we’ll see!,2026-03-06T13:18:20Z,0
FRI78tq9Eik,@BlahBlah-k3w,The only AI I want on my phone is AI that I choose to install myself. This embedded AI nonsense is pervasive and gross. 🤖,2026-03-06T11:09:14Z,0
FRI78tq9Eik,@Abkhaziansoldier,"Love your reviews mate and genuinely follow you but these yearly updates are just shit. I recently went from a Sansung Ultra 25 to an Asus 9. Purely because i want a smaller pocket sized phone. And for me... I miss nothing. Such a win having a small phone that is good. I dont need amazing updated which is lame shit like AI etc. I just want a small, fast, phone with good audio capability. All this shit based on screens and games and AI. This new world is just lame. Chill out and listen to some music in good quality instead of watching 45 second insta clips",2026-03-06T10:12:50Z,1
FRI78tq9Eik,@Lucky123-h5r,Don't know why I like liking 👍🏽 your videos even tho I haven't finished them yet. I think your persona has something to do with it. ❤ My Allah bless the good energy people all around the globe 🌍.,2026-03-06T04:38:31Z,0
FRI78tq9Eik,@Eric78360,Same phone with one new feature.,2026-03-06T02:50:42Z,0
FRI78tq9Eik,@migwheels,You didn't talk about the ultras camera?? It has horizon lock and keeps the shot smooth nearly no matter how much you spin it? That's bonkers!,2026-03-06T02:27:05Z,0
FRI78tq9Eik,@somewhat_aRtie,Where did you find those prices???,2026-03-06T01:32:46Z,0
FRI78tq9Eik,@KyupalNgYoutube,tempered lines anyone?,2026-03-06T01:27:23Z,0
FRI78tq9Eik,@fudeboii,Donut lab battery s27 ultra?,2026-03-06T00:50:52Z,0
FRI78tq9Eik,@OneColdGamer,"I’m in the Apple ecosystem and have never even considered switching to another phone, but the privacy screen feature is pretty cool. I actually have a privacy screen protector and it’s kind of annoying. Still nowhere near enough to make me switch or even think about it, hopefully Apple copies it.",2026-03-06T00:17:39Z,0
FRI78tq9Eik,@doctahwho,"What about the s pen, I'm going from a s24u to a s26u and I'm hoping they added the control back to the pens because my 2011 car stereo does not work with phones lol",2026-03-05T21:26:21Z,0
FRI78tq9Eik,@toddmowen,"Marques, has you or your team tested the new Advanced Professional Video (APV) codec on the S26 Ultra? It enables 10-bit 4:2:2 chroma subsampling for high-quality video, marking it as a direct competitor to Apple's ProRes. Curious to know how it looks and can you do a side by side test for us please?",2026-03-05T18:12:21Z,0
FRI78tq9Eik,@Alex-pn2of,"Things i need in s series 
Better telephoto 3x
Hdr10 in all modes not just the video
But in photo,slowmo,portrait photo/video, apps like Snapchat, Instagram,VN editor.

For my s22 i can capture hdr10 video but i can't share it to Instagram. 
If i did it'll be normal video. 
They need better integration with 
Meta and Snapchat, vn editor so we can actually use these phones for content creation 

Better slow motion",2026-03-05T15:40:08Z,0
FRI78tq9Eik,@sheeshhers,Giveaway pls 😁,2026-03-05T14:21:27Z,0
FRI78tq9Eik,@Juilleee,"Honestly I have an S23 it's been like 3 years now, and I feel 0 amount of need to update. I get they are conservative with the flagships but they are EXTRA conservative with the base model... I don't feel like the new models offer anything new or better to me",2026-03-05T13:00:52Z,0
FRI78tq9Eik,@anirudhs8687,Can we all take some time to reflect that it is more of a seclusion than privacy? Because we all know the level of digital privacy we have 🤷‍♂️,2026-03-05T11:10:23Z,0
FRI78tq9Eik,@sachinkoparde2052,"wow this is sick, finally a useful feature out of AI clutter",2026-03-05T09:24:11Z,0
FRI78tq9Eik,@vybhavpai9031,This could have been a short about the display,2026-03-05T06:55:51Z,0
FRI78tq9Eik,@renovatio6971,"Samsung keeps innovating year after year, pushing the smartphone industry forward, while many Apple-focused YouTubers continue to downplay those achievements and shamelessly overhype every new iPhone. Ironically, that constant bias has only pushed Samsung to go even harder, driving them to keep delivering real innovation—and the results are clearly visible.

At this point, many flagship Android phones easily compete with—or even outperform—the iPhone in several areas. Yet the same reviewers still act as if Apple is always ahead. Biased reviews might protect Apple’s image for a while, but they can’t change reality. Eventually people start noticing the gap between hype and actual innovation—and we’re already beginning to see that shift now. It's good to see and hear it from you - the tone of that conversation is starting to change.",2026-03-05T05:26:16Z,0
FRI78tq9Eik,@N.H281,Tại sao không có lồng tiếng Việt😢😢😢😢😢,2026-03-05T04:45:18Z,0
FRI78tq9Eik,@Amorisaiya,It's sad they only put privacy mode on the Ultra. I don't want the bigger screen size so was looking at the s26. Now I'm missing out on a highlight software feature :/,2026-03-05T03:51:11Z,0
FRI78tq9Eik,@spicy_fiona,No one's commenting about the introduction refresh? I appreciate Michael and Ellis's new spin👏,2026-03-05T01:42:33Z,1
FRI78tq9Eik,@sigalafru7268,Bro pls for 😢 ur s25 ultra please 🙏🙏🥺,2026-03-05T01:35:06Z,0
FRI78tq9Eik,@Arda_güler94,iPhone 17 pro Max is better everyday,2026-03-04T23:31:31Z,0
FRI78tq9Eik,@joshs3916,🎉,2026-03-04T23:20:07Z,0
FRI78tq9Eik,@joanpalparan,Sometimes I reply to work emails while in transit so the privacy screen seems so useful for this!,2026-03-04T22:11:59Z,0
FRI78tq9Eik,@ncruze07,So I'm getting the vibe the privacy screen is something they've been reserving for a future full featured phone but since this release was so blah they knew the privacy screen would save it 🥴,2026-03-04T19:30:16Z,0
FRI78tq9Eik,@watchmanexpert,"Apple take note , in 10 years I want that feature in my iPhone",2026-03-04T19:05:58Z,0
FRI78tq9Eik,@joaomota7270,Where is the review tho?,2026-03-04T16:09:15Z,0
FRI78tq9Eik,@mikev751,your new thing is being somewhere else and doing the reviews without the device. bad. losing the genuine feel,2026-03-04T15:56:51Z,1
FRI78tq9Eik,@LoneyMakkaroni,Sorry but only Massive L´s for Samsungs Flagship Phones. The Privacy Screen is the biggest selling point. My S24 Ultra was a great purchase i believe. now getting an Xiaomi 17 Ultra for my Company. Had only Samsung since the S5,2026-03-04T13:17:57Z,0
FRI78tq9Eik,@Michael_11,"The Ghost case advert makes me laugh, ""guarenteed no-yollowing"" well ofcourse it won't yellow becuase they removed the clear soft bumper (the bit that yellows on other cases) and made it black so it's not a fully clear case anymore so can't really compare, then have the cheek to market it like they did something special.",2026-03-04T12:58:08Z,0
FRI78tq9Eik,@anirudhpai3040,"3:42 sad  that , it's still an 8 bit display 🥴",2026-03-04T12:42:22Z,2
FRI78tq9Eik,@JaWznickc04,That privacy feature should be added to ALL new phones. Great feature,2026-03-04T11:23:45Z,0
FRI78tq9Eik,@camejko,The features and Return On Investment peaked about 2021/2022. There is only so much hardware and software you can squeeze into these phones,2026-03-04T09:53:19Z,0
FRI78tq9Eik,@Max22-o1g,Гамно! А не телефон.,2026-03-04T09:12:29Z,0
FRI78tq9Eik,@sungckim7392,Hey. Can you do a video on how many iPhone employees use Samsung phones and vice versa.,2026-03-04T09:09:01Z,0
FRI78tq9Eik,@RushiParmar19,Looks like S26 Base varient is already the bust of the year🥲,2026-03-04T08:44:14Z,0
FRI78tq9Eik,@DTLamia,"Really sad the privacy feature is only on the ultra
I can't get the Ultra cuz it doesn't fit in my pockets and is way too big to comfortably hold",2026-03-04T08:07:02Z,0
FRI78tq9Eik,@cybertron50,Expedite that full review pl😊,2026-03-04T07:06:55Z,0
FRI78tq9Eik,@imimova-p9p,"Hi, I’m curious about your opinion — which one would you choose for yourself: an iPhone 17 or a Galaxy S25 Ultra, since they are in the same price range for us?",2026-03-04T01:39:23Z,0
FRI78tq9Eik,@RDCCC,Fuck the big corps. You know who I’m talking about. 🎉,2026-03-04T01:23:03Z,0
FRI78tq9Eik,@wildexplorer-d7r,MWC26  review please,2026-03-04T01:16:39Z,0
FRI78tq9Eik,@TiagoRamosVideos,The privacy screen looks amazing 👌,2026-03-04T00:08:05Z,0
FRI78tq9Eik,@satoshiprinter,Watching a S26 ultra video on a S23 ultra lmao.,2026-03-03T23:29:46Z,1
FRI78tq9Eik,@sandihermana4873,"You're video is still missing a subtitles no have english by default, why are doing like this, never add a subtitles english default?",2026-03-03T23:02:56Z,1
FRI78tq9Eik,@TimeTraveI_00,Why does it look like you're sitting in a snowglobe in the intro?,2026-03-03T22:51:17Z,0
FRI78tq9Eik,@dopple420,Real talk. The intro providing background knowledge literally sets you apart from the others. Straight up presidential qualities.,2026-03-03T22:19:00Z,0
FRI78tq9Eik,@Joshua-v3u1j,I am shocked that he did not talk about the camers,2026-03-03T21:27:23Z,1
FRI78tq9Eik,@bilvadala,"MKBHD, The S26 ultra does not come with a native 10-bit display. Is this true? If so, is this not misleading the consumers?",2026-03-03T20:37:03Z,0
FRI78tq9Eik,@BURZT_YT,"IMPORTANT 

HAVE BEEN CONFIRMED THAT THE SCREEN IS STILL AN 8-BIT DISPLAY!!!",2026-03-03T19:41:40Z,0
FRI78tq9Eik,@ALLBLACKEVERYTHING12,"Damn, not impressed. I have an idea for phones that would change the world but I don't know how to build it. Who ever does will surpass Elon.",2026-03-03T17:04:38Z,0
FRI78tq9Eik,@Soulsurvivorla,I’m seriously considering finally making the jump from Apple to Samsung!!,2026-03-03T15:59:35Z,0
FRI78tq9Eik,@reniervandermerwe,Privacy screen lowers the screen resolution... Why not mention it?,2026-03-03T15:21:33Z,0
FRI78tq9Eik,@bajanwarrior82,"Just pre-ordered mine, trade in my 23 ultra and only paying $650 💪🏿💪🏿",2026-03-03T14:12:28Z,0
FRI78tq9Eik,@h.p.lovelace2430,I have a Samsung S22 Ultra bought brand-new. Should I upgrade to a Samsung S26 Ultra or wait a year to upgrade to the Samsung S27 Ultra?,2026-03-03T14:00:48Z,0
FRI78tq9Eik,@danielrobinson1347,Cost of ram and tarrifs,2026-03-03T11:58:19Z,0
FRI78tq9Eik,@BYDDA___Pest,"А где полноценное видео? Или телефон так и не доехал😂 
Видео ради видео не более....",2026-03-03T10:31:56Z,0
FRI78tq9Eik,@alonzoeras2020,"Exitited about the Pixel 11 series!!, who cares about Samsung 🙄",2026-03-03T07:43:31Z,0
FRI78tq9Eik,@LegumeFinder,pretty similar and slightly,2026-03-03T06:57:30Z,0
FRI78tq9Eik,@picolo_peppito,Does it have horizontical lock?,2026-03-03T06:20:38Z,0
FRI78tq9Eik,@DigitalApex,"Yeah, I think we're nearing the end of the smartphone tech tree. Phone innovation and technology peaked roughly 5 years ago and the industry hasn't meaningfully improved on anything outside of gimmicky stuff like a tri-folding phone. Then they turn around and sell it for basically a mortgage payment.

I'm tired, boss.",2026-03-03T05:15:01Z,0
FRI78tq9Eik,@roddybricks447,"Still rockin with this S10+...

But this might be the next move I make.",2026-03-03T02:46:34Z,0
FRI78tq9Eik,@DonTejon88,"It’s a shame this phone uses an old battery technology, and it’s a  bigger shame that you lied to your audience trying to justify Samsung and apple for using it!!",2026-03-03T01:43:26Z,1
FRI78tq9Eik,@anupamamunda6020,What about motorola signature,2026-03-02T23:27:09Z,0
FRI78tq9Eik,@MrCarcoke,"Why do reviewer fail to mention THIS HAS A COMPLETLY DIFFERENT CHIP WORLDWIDE!? Snapdragon is only the processor in the US market and maybe Japan and China. The rest of the world gets the Exynos chip which is a completly different experience. Please point this out in your reviews Marques, I was mislead in my purchase of the S24",2026-03-02T23:17:50Z,0
FRI78tq9Eik,@MartinPokorný-s4f,Not a big Samsung guy but that privacy screen stuff is very cool.,2026-03-02T23:12:39Z,0
FRI78tq9Eik,@toxicmagnaguard,Can we stop shoving Ghost Vase down my throat every tech video on youtube when they don’t even make the case for normal phone. pro phones are for idiots.,2026-03-02T22:14:33Z,0
FRI78tq9Eik,@ruey-henglee8995,You got it wrong. 3x camera is a DOWNGRADE as it has the same aperture and smaller sensor. Only the main and the 5x have upgraded aperture.,2026-03-02T21:48:26Z,0
FRI78tq9Eik,@JoeZega,"Apple gave up for innovation on new technologies so much time away when they were the ones who led innovation. So sad. 
Bravo Samsung.",2026-03-02T20:37:14Z,0
FRI78tq9Eik,@Fuerza57,Low key I think he was trying to hold back on the excitement of the features from Samsung. That Privacy feature is more than “Sick” is way more futuristic than anything we have seen from some of the companies. It definitely put some of the screen protection companies at bay and you can even select which parts you want to black out. Shut up and take my money 💰 🔥,2026-03-02T19:39:57Z,0
FRI78tq9Eik,@InspirationInspires,How is it possible that you have a phone that will be available for pre-order from February 25 and will be available from March 11? Is it beta or I’m behind?,2026-03-02T18:45:52Z,0
FRI78tq9Eik,@iNdepth-Music,I’m an Apple user (always have been) but I guarantee Apple will be putting this screen privacy feature in the iPhone 20 and call it some new dumb name with an innovation tag… lol!,2026-03-02T18:05:52Z,0
FRI78tq9Eik,@upcomingsmartphone8734,2K Display is too old.Need 4K Display ✊👍,2026-03-02T17:46:09Z,0
FRI78tq9Eik,@mikaiahhamelin7,Could you review a phone from Ulefone? Especially their rugged phones… I would love to hear your thoughts on them!,2026-03-02T17:08:46Z,0
FRI78tq9Eik,@IveGotUrRiotGear,Having a young nephew whose eyes are magnetically drawn to any screen and doesn't have a concept of privacy yet - the privacy screen feature looks sooo good.,2026-03-02T16:22:08Z,1
